"KOD";"PORC_ADB";"PORC_SOUR";"X_JTSK";"Y_JTSK";"Z1";"Z2";"Z3";"SNIZ_POD";"OKRAJ";"V_SYST"
"P1/PRAHA - HR/2011/333";1;1;745117,0;1,042858e+06;294,13;292,36;292,85;1;0;
"P1/PRAHA - HR/2011/333";2;1;745126,0;1,042848e+06;294,22;292,40;292,82;1;0;
"P1/PRAHA - HR/2011/333";3;1;745116,0;1,042837e+06;294,14;291,03;292,18;1;0;
"P1/PRAHA - HR/2011/789";1;1;745117,0;1,042858e+06;294,13;292,36;292,85;1;0;
"P1/PRAHA - HR/2011/789";2;1;745126,0;1,042848e+06;294,22;292,40;292,82;1;0;
"P1/PRAHA - HR/2011/789";3;1;745116,0;1,042837e+06;294,14;291,03;292,18;1;0;
"P1/PRAHA - JO/2007/139";1;1;743122,4;1,042803e+06;;184,92;186,50;0;0;
"P1/PRAHA - JO/2007/139";2;1;743155,1;1,04277e+06;;;;0;1;
"P1/PRAHA - JO/2007/139";2;2;743116,6;1,042786e+06;;;;0;1;
"P1/PRAHA - JO/2007/139";2;3;743121,3;1,042797e+06;;;;0;1;
"P1/PRAHA - JO/2007/139";2;4;743118,4;1,042799e+06;;;;0;1;
"P1/PRAHA - JO/2007/139";2;5;743121,6;1,042806e+06;;;;0;1;
"P1/PRAHA - JO/2007/139";2;6;743144,1;1,042797e+06;;;;0;1;
"P1/PRAHA - JO/2007/139";2;7;743150,4;1,042811e+06;;;;0;1;
"P1/PRAHA - JO/2007/139";2;8;743153,4;1,04281e+06;;;;0;1;
"P1/PRAHA - JO/2007/139";2;9;743147,3;1,042796e+06;;;186,04;0;1;
"P1/PRAHA - JO/2007/139";2;10;743163,1;1,042789e+06;;;;0;1;
"P1/PRAHA - JO/2007/139";2;11;743166,6;1,042797e+06;;;;0;1;
"P1/PRAHA - JO/2007/139";2;12;743171,8;1,042795e+06;;;;0;1;
"P1/PRAHA - JO/2007/139";2;13;743162,9;1,042774e+06;;;;0;1;
"P1/PRAHA - JO/2007/139";2;14;743157,4;1,042775e+06;;;;0;1;
"P1/PRAHA - JO/2007/684";1;1;742910,5;1,042834e+06;;;185,46;0;1;
"P1/PRAHA - JO/2007/684";1;2;742904,9;1,042855e+06;;;;0;1;
"P1/PRAHA - JO/2007/684";1;3;742906,3;1,042858e+06;;;;0;1;
"P1/PRAHA - JO/2007/684";1;4;742934,1;1,042866e+06;;;;0;1;
"P1/PRAHA - JO/2007/684";1;5;742939,8;1,042848e+06;;;;0;1;
"P1/PRAHA - JO/2007/684";1;6;742940,3;1,042846e+06;;;;0;1;
"P1/PRAHA - JO/2007/684";1;7;742940,3;1,042845e+06;;;;0;1;
"P1/PRAHA - JO/2007/684";1;8;742940,5;1,042842e+06;;;;0;1;
"P1/PRAHA - JO/2007/684";1;9;742932,7;1,04284e+06;;;;0;1;
"P1/PRAHA - JO/2007/684";1;10;742923,9;1,042838e+06;;;;0;1;
"P1/PRAHA - JO/2011/208";1;1;743050,0;1,042692e+06;189,35;187,92;0,00;0;0;
"P1/PRAHA - JO/2011/208";1;2;743045,0;1,042693e+06;189,19;187,75;0,00;0;0;
"P1/PRAHA - JO/2011/208";2;1;743048,0;1,042662e+06;189,59;187,95;0,00;0;0;
"P1/PRAHA - JO/2011/208";2;2;743051,0;1,042666e+06;189,60;187,75;0,00;0;0;
"P1/PRAHA - JO/2011/208";3;1;743032,0;1,042642e+06;189,84;188,30;0,00;0;0;
"P1/PRAHA - JO/2011/208";3;2;743029,0;1,042639e+06;189,87;188,30;0,00;0;0;
"P1/PRAHA - JO/2011/208";4;1;742996,0;1,042704e+06;188,71;187,25;185,80;0;0;
"P1/PRAHA - JO/2011/208";4;2;742997,0;1,042706e+06;188,70;187,32;0,00;0;0;
"P1/PRAHA - JO/2011/208";5;1;742983,0;1,042706e+06;0,00;0,00;0,00;0;0;
"P1/PRAHA - JO/2011/208";5;2;743055,0;1,042692e+06;0,00;0,00;0,00;0;0;
"P1/PRAHA - JO/2011/208";5;3;743060,0;1,042677e+06;0,00;0,00;0,00;0;0;
"P1/PRAHA - JO/2011/208";5;4;743018,0;1,042623e+06;0,00;0,00;0,00;0;0;
"P1/PRAHA - JO/2011/498";1;1;742993,0;1,042914e+06;186,50;184,50;0,00;0;0;
"P1/PRAHA - JO/2011/498";2;1;742978,2;1,042906e+06;186,60;185,80;184,76;1;0;
"P1/PRAHA - JO/2011/498";3;1;742982,1;1,042899e+06;186,70;185,76;0,00;0;0;
"P1/PRAHA - JO/2011/498";4;1;742981,7;1,042914e+06;186,48;185,36;0,00;0;0;
"P1/PRAHA - JO/2011/498";5;1;742983,1;1,04292e+06;186,35;185,80;0,00;0;0;
"P1/PRAHA - JO/2011/498";6;1;742978,1;1,042909e+06;186,70;185,78;0,00;0;0;
"P1/PRAHA - JO/2011/513";1;1;742933,0;1,042725e+06;189,76;188,20;0,00;0;0;
"P1/PRAHA - JO/2011/513";2;1;742911,0;1,042767e+06;189,84;187,70;0,00;0;0;
"P1/PRAHA - JO/2011/513";2;2;742909,0;1,042775e+06;189,94;187,80;0,00;0;0;
"P1/PRAHA - JO/2011/513";3;1;742912,0;1,042802e+06;189,90;188,17;0,00;0;0;
"P1/PRAHA - JO/2011/513";3;2;742911,0;1,042804e+06;189,90;188,15;0,00;0;0;
"P1/PRAHA - JO/2011/513";4;1;742945,0;1,042681e+06;0,00;0,00;0,00;0;0;
"P1/PRAHA - JO/2011/513";4;2;742902,0;1,042841e+06;0,00;0,00;0,00;0;0;
"P1/PRAHA - JO/2011/570";1;1;742974,0;1,042795e+06;190,10;188,40;0,00;0;0;
"P1/PRAHA - JO/2011/570";1;2;742975,0;1,042795e+06;190,10;188,43;0,00;0;0;
"P1/PRAHA - JO/2011/570";2;1;742980,0;1,042797e+06;190,10;188,04;0,00;0;0;
"P1/PRAHA - JO/2011/570";3;1;742923,0;1,042784e+06;0,00;0,00;0,00;0;0;
"P1/PRAHA - JO/2011/570";3;2;742983,0;1,042797e+06;0,00;0,00;0,00;0;0;
"P1/PRAHA - MA/2003/790";1;1;744034,0;1,043443e+06;193,00;188,60;189,50;0;1;
"P1/PRAHA - MA/2003/790";1;2;744026,0;1,043445e+06;193,00;188,60;189,50;0;1;
"P1/PRAHA - MA/2003/790";1;3;744028,0;1,043449e+06;193,00;188,60;189,50;0;1;
"P1/PRAHA - MA/2003/790";1;4;744031,0;1,043454e+06;193,00;188,60;189,50;0;1;
"P1/PRAHA - MA/2003/790";1;5;744036,0;1,043453e+06;193,00;188,60;189,50;0;1;
"P1/PRAHA - MA/2003/790";2;1;744038,0;1,043448e+06;193,50;187,80;191,70;0;0;
"P1/PRAHA - MA/2003/790";3;1;744053,0;1,04346e+06;193,00;191,00;;0;0;
"P1/PRAHA - MA/2010/129";1;1;743720,0;1,042944e+06;188,60;187,00;0,00;0;0;
"P1/PRAHA - MA/2010/138";1;1;743572,0;1,042754e+06;188,35;185,95;0,00;0;1;
"P1/PRAHA - MA/2010/138";1;2;743572,0;1,042756e+06;188,70;185,95;0,00;0;1;
"P1/PRAHA - MA/2010/179";1;1;743891,0;1,042567e+06;0,00;0,00;0,00;0;0;
"P1/PRAHA - MA/2010/179";1;2;743891,0;1,04257e+06;0,00;0,00;0,00;0;0;
"P1/PRAHA - MA/2010/179";1;3;743887,0;1,042574e+06;0,00;0,00;0,00;0;0;
"P1/PRAHA - MA/2010/179";1;4;743885,0;1,042574e+06;0,00;0,00;0,00;0;0;
"P1/PRAHA - MA/2010/179";1;5;743885,0;1,04257e+06;0,00;0,00;0,00;0;0;
"P1/PRAHA - MA/2010/202";1;1;743874,0;1,043508e+06;192,00;188,56;0,00;0;0;
"P1/PRAHA - MA/2010/202";1;2;743864,0;1,043508e+06;0,00;0,00;0,00;0;0;
"P1/PRAHA - MA/2010/300";1;1;743878,0;1,042491e+06;0,00;0,00;0,00;0;0;
"P1/PRAHA - MA/2010/300";1;2;743874,0;1,042496e+06;0,00;0,00;0,00;0;0;
"P1/PRAHA - MA/2010/339";1;1;743749,0;1,04328e+06;188,27;186,41;0,00;0;0;
"P1/PRAHA - MA/2010/339";1;2;743750,0;1,043291e+06;0,00;0,00;0,00;0;0;
"P1/PRAHA - MA/2010/377";1;1;744006,0;1,042778e+06;195,50;194,27;0,00;0;0;
"P1/PRAHA - MA/2010/513";1;1;743992,0;1,042504e+06;205,20;204,90;205,05;0;0;
"P1/PRAHA - MA/2010/513";1;2;743992,0;1,042514e+06;204,54;204,24;204,40;0;0;
"P1/PRAHA - MA/2010/534";1;1;743720,0;1,042944e+06;188,55;186,63;0,00;0;0;
"P1/PRAHA - MA/2010/661";1;1;743914,0;1,043214e+06;188,72;187,38;0,00;0;0;
"P1/PRAHA - MA/2010/661";1;2;743910,0;1,043215e+06;0,00;0,00;0,00;0;0;
"P1/PRAHA - MA/2010/661";1;3;743911,0;1,043219e+06;0,00;0,00;0,00;0;0;
"P1/PRAHA - MA/2010/802";1;1;743681,0;1,042948e+06;188,90;187,04;0,00;0;0;
"P1/PRAHA - MA/2010/868";1;1;744050,0;1,042794e+06;0,00;0,00;0,00;0;0;
"P1/PRAHA - MA/2010/868";1;2;744044,0;1,042782e+06;0,00;0,00;0,00;0;0;
"P1/PRAHA - MA/2010/937";1;1;743987,0;1,043059e+06;190,60;189,05;0,00;0;0;
"P1/PRAHA - MA/2011/151";1;3;743759,9;1,042871e+06;0,00;0,00;0,00;0;0;
"P1/PRAHA - MA/2011/151";1;4;743756,3;1,04287e+06;190,10;186,06;0,00;0;0;
"P1/PRAHA - MA/2011/151";1;5;743756,1;1,042874e+06;0,00;0,00;0,00;0;0;
"P1/PRAHA - MA/2011/151";1;6;743759,7;1,042871e+06;0,00;0,00;0,00;0;0;
"P1/PRAHA - MA/2011/151";2;1;743766,4;1,042874e+06;186,40;185,20;0,00;0;0;
"P1/PRAHA - MA/2011/151";2;2;743764,4;1,042874e+06;0,00;0,00;0,00;0;0;
"P1/PRAHA - MA/2011/151";2;7;743764,3;1,042876e+06;0,00;0,00;0,00;0;0;
"P1/PRAHA - MA/2011/151";2;8;743766,2;1,042876e+06;0,00;0,00;0,00;0;0;
"P1/PRAHA - MA/2011/191";1;1;743760,0;1,042871e+06;0,00;0,00;0,00;0;0;
"P1/PRAHA - MA/2011/191";1;2;743756,0;1,04287e+06;190,00;186,00;0,00;0;0;
"P1/PRAHA - MA/2011/191";1;3;743756,0;1,042874e+06;0,00;0,00;0,00;0;0;
"P1/PRAHA - MA/2011/191";1;4;743760,0;1,042871e+06;0,00;0,00;0,00;0;0;
"P1/PRAHA - MA/2011/191";2;1;743766,0;1,042874e+06;186,00;185,00;0,00;0;0;
"P1/PRAHA - MA/2011/191";2;2;743764,0;1,042874e+06;0,00;0,00;0,00;0;0;
"P1/PRAHA - MA/2011/191";2;3;743764,0;1,042876e+06;0,00;0,00;0,00;0;0;
"P1/PRAHA - MA/2011/191";2;4;743759,0;1,042876e+06;0,00;0,00;0,00;0;0;
"P1/PRAHA - MA/2011/269";1;1;743852,1;1,042929e+06;186,10;184,30;;0;0;
"P1/PRAHA - MA/2011/269";2;1;743852,7;1,042933e+06;186,10;184,70;0,00;0;0;
"P1/PRAHA - MA/2011/269";3;1;743840,1;1,042936e+06;186,10;184,80;0,00;0;0;
"P1/PRAHA - MA/2011/269";4;1;743838,0;1,042932e+06;0,00;0,00;0,00;0;0;
"P1/PRAHA - MA/2011/270";1;1;743906,0;1,043231e+06;189,00;186,40;0,00;0;0;
"P1/PRAHA - MA/2011/270";1;2;743908,0;1,043237e+06;189,00;186,40;185,62;0;0;
"P1/PRAHA - MA/2011/270";2;1;743908,0;1,043237e+06;189,00;186,40;185,62;0;0;
"P1/PRAHA - MA/2011/270";2;2;743910,0;1,043242e+06;189,28;186,46;0,00;0;0;
"P1/PRAHA - MA/2011/270";2;3;743916,0;1,043241e+06;189,34;186,32;185,90;0;0;
"P1/PRAHA - MA/2011/270";2;4;743911,0;1,043235e+06;188,87;186,40;0,00;0;0;
"P1/PRAHA - MA/2011/412";1;1;743977,0;1,043412e+06;0,00;0,00;0,00;0;0;
"P1/PRAHA - MA/2011/412";1;2;743968,0;1,043412e+06;0,00;0,00;0,00;0;0;
"P1/PRAHA - MA/2011/412";1;3;743965,0;1,04341e+06;0,00;0,00;0,00;0;0;
"P1/PRAHA - MA/2011/443";1;1;743923,0;1,04351e+06;189,75;187,11;;0;0;
"P1/PRAHA - MA/2011/443";2;1;743919,0;1,043495e+06;186,85;185,52;186,57;0;0;
"P1/PRAHA - MA/2011/443";3;1;743937,0;1,043499e+06;186,92;186,14;186,70;0;0;
"P1/PRAHA - MA/2011/443";4;1;743929,0;1,043496e+06;186,85;185,95;186,26;0;0;
"P1/PRAHA - MA/2011/443";5;1;743932,0;1,043492e+06;186,85;186,25;186,74;0;0;
"P1/PRAHA - MA/2011/450";1;1;744304,9;1,0426e+06;230,95;226,30;231,60;1;0;
"P1/PRAHA - MA/2011/450";1;2;744297,2;1,042602e+06;0,00;0,00;0,00;0;0;
"P1/PRAHA - MA/2011/450";1;3;744297,8;1,042608e+06;0,00;0,00;0,00;0;0;
"P1/PRAHA - MA/2011/450";1;4;744301,6;1,042607e+06;0,00;0,00;0,00;0;0;
"P1/PRAHA - MA/2011/450";1;5;744301,1;1,042604e+06;0,00;0,00;0,00;0;0;
"P1/PRAHA - MA/2011/450";1;6;744305,3;1,042603e+06;0,00;0,00;0,00;0;0;
"P1/PRAHA - MA/2011/450";2;1;744314,6;1,042627e+06;229,30;228,44;229,30;1;0;
"P1/PRAHA - MA/2011/450";2;2;744310,9;1,042628e+06;0,00;0,00;0,00;0;0;
"P1/PRAHA - MA/2011/450";3;1;744353,4;1,042584e+06;250,50;247,00;249,50;1;1;
"P1/PRAHA - MA/2011/450";3;2;744348,9;1,042584e+06;0,00;0,00;0,00;0;1;
"P1/PRAHA - MA/2011/450";3;3;744338,8;1,042587e+06;248,50;243,80;246,00;1;1;
"P1/PRAHA - MA/2011/450";3;4;744339,6;1,042592e+06;0,00;0,00;0,00;0;1;
"P1/PRAHA - MA/2011/450";3;5;744353,5;1,04259e+06;0,00;0,00;0,00;0;1;
"P1/PRAHA - MA/2011/450";4;1;744338,8;1,042607e+06;236,60;235,80;236,00;1;0;
"P1/PRAHA - MA/2011/450";4;2;744324,9;1,042609e+06;0,00;0,00;0,00;0;0;
"P1/PRAHA - MA/2011/450";5;1;744302,1;1,042637e+06;231,10;228,80;0,00;0;0;
"P1/PRAHA - MA/2011/450";6;1;744309,9;1,04263e+06;231,60;231,30;231,30;1;0;
"P1/PRAHA - MA/2011/450";7;1;744320,6;1,042605e+06;236,44;234,40;235,88;1;1;
"P1/PRAHA - MA/2011/450";7;2;744317,0;1,042606e+06;0,00;0,00;234,60;0;1;
"P1/PRAHA - MA/2011/450";7;3;744318,2;1,04261e+06;0,00;0,00;234,60;0;1;
"P1/PRAHA - MA/2011/450";7;4;744321,8;1,042609e+06;0,00;0,00;235,70;1;1;
"P1/PRAHA - MA/2011/450";8;1;744350,4;1,042598e+06;0,00;0,00;236,08;1;0;
"P1/PRAHA - MA/2011/450";8;2;744322,6;1,042602e+06;0,00;0,00;0,00;0;0;
"P1/PRAHA - MA/2011/450";9;1;744351,3;1,042602e+06;0,00;0,00;238,90;1;0;
"P1/PRAHA - MA/2011/487";1;1;743913,0;1,042514e+06;192,64;190,51;0,00;0;0;
"P1/PRAHA - MA/2011/657";1;1;744689,0;1,042774e+06;228,22;226,45;227,58;0;0;
"P1/PRAHA - MA/2011/657";1;2;744683,0;1,042727e+06;227,80;226,55;227,20;0;0;
"P1/PRAHA - MA/2011/805";1;1;744072,0;1,043053e+06;192,91;191,41;191,66;1;0;
"P1/PRAHA - MA/2011/805";1;2;744068,0;1,043053e+06;192,88;191,47;0,00;0;0;
"P1/PRAHA - MA/2011/805";2;1;744073,0;1,043043e+06;191,63;190,73;191,37;1;0;
"P1/PRAHA - MA/2011/805";2;2;744068,0;1,043043e+06;192,94;191,78;0,00;0;0;
"P1/PRAHA - MA/2011/805";2;3;744068,0;1,043048e+06;192,95;191,48;191,58;1;0;
"P1/PRAHA - MA/2011/805";2;4;744072,0;1,043048e+06;191,41;190,81;191,28;1;0;
"P1/PRAHA - MA/2011/805";3;1;744107,0;1,043055e+06;192,31;191,28;0,00;0;0;
"P1/PRAHA - MA/2011/805";3;2;744075,0;1,043054e+06;192,27;191,87;0,00;0;0;
"P1/PRAHA - MA/2011/805";3;3;744075,0;1,043043e+06;192,21;191,21;191,41;1;0;
"P1/PRAHA - MA/2011/805";3;4;744073,0;1,043043e+06;0,00;0,00;0,00;0;0;
"P1/PRAHA - MA/2011/805";3;5;744073,0;1,043056e+06;0,00;0,00;0,00;0;0;
"P1/PRAHA - MA/2011/805";3;6;744107,0;1,043056e+06;0,00;0,00;0,00;0;0;
"P1/PRAHA - MA/2012/156";1;1;743827,1;1,042939e+06;187,86;185,10;0,00;0;0;
"P1/PRAHA - MA/2012/215";1;1;744339,4;1,042886e+06;212,69;210,77;211,09;0;0;
"P1/PRAHA - MA/2012/215";1;2;744337,9;1,042879e+06;211,15;210,30;0,00;0;0;
"P1/PRAHA - MA/2012/215";2;1;744344,0;1,042872e+06;211,14;208,80;208,72;0;0;
"P1/PRAHA - MA/2012/215";3;1;744342,6;1,042872e+06;210,37;208,64;208,74;0;0;
"P1/PRAHA - MA/2012/215";3;2;744339,4;1,042871e+06;210,47;208,44;208,63;0;0;
"P1/PRAHA - MA/2012/215";3;3;744335,4;1,042871e+06;211,14;208,51;0,00;0;0;
"P1/PRAHA - MA/2012/215";4;1;744335,1;1,042871e+06;209,84;208,34;0,00;0;0;
"P1/PRAHA - MA/2012/215";4;2;744330,5;1,042869e+06;209,67;207,78;207,21;0;0;
"P1/PRAHA - MA/2012/243";1;1;743592,0;1,042634e+06;188,16;186,60;187,65;0;0;
"P1/PRAHA - MA/2012/243";1;2;743592,0;1,042636e+06;188,16;186,46;187,80;0;0;
"P1/PRAHA - MA/2012/243";2;1;743588,0;1,042635e+06;188,12;188,12;187,60;0;0;
"P1/PRAHA - MA/2012/243";3;1;743595,0;1,042627e+06;188,13;184,20;187,30;0;0;
"P1/PRAHA - MA/2012/252";1;1;744210,4;1,043369e+06;210,94;209,05;209,85;0;0;
"P1/PRAHA - MA/2012/252";1;2;744167,0;1,043375e+06;205,65;204,30;204,80;0;0;
"P1/PRAHA - MA/2012/252";2;1;744103,9;1,043418e+06;198,18;197,40;;0;0;
"P1/PRAHA - MA/2012/252";2;2;744119,5;1,043557e+06;197,27;195,74;196,00;0;0;
"P1/PRAHA - MA/2012/252";2;3;744104,7;1,043583e+06;192,79;192,28;0,00;0;0;
"P1/PRAHA - MA/2012/252";2;4;744105,5;1,043602e+06;192,84;0,00;0,00;0;0;
"P1/PRAHA - MA/2012/259";1;1;743809,0;1,043054e+06;189,30;187,30;0,00;0;1;
"P1/PRAHA - MA/2012/259";1;2;743805,3;1,043055e+06;189,30;187,30;0,00;0;1;
"P1/PRAHA - MA/2012/259";1;3;743810,4;1,043087e+06;189,30;187,30;0,00;0;1;
"P1/PRAHA - MA/2012/259";1;4;743814,0;1,043088e+06;189,30;187,30;0,00;0;1;
"P1/PRAHA - MA/2012/259";2;5;743870,8;1,04305e+06;190,89;190,14;0,00;0;0;
"P1/PRAHA - MA/2012/259";2;6;743870,0;1,043074e+06;190,80;189,85;0,00;0;0;
"P1/PRAHA - MA/2012/259";2;7;743878,8;1,043074e+06;190,73;189,90;0,00;0;0;
"P1/PRAHA - MA/2012/343";1;1;744399,0;1,042743e+06;209,45;208,72;0,00;0;0;
"P1/PRAHA - MA/2012/343";2;1;744406,0;1,042732e+06;210,93;210,33;209,46;0;0;
"P1/PRAHA - MA/2012/343";3;1;744398,0;1,042725e+06;212,28;211,96;0,00;0;0;
"P1/PRAHA - MA/2012/343";4;1;744401,0;1,042737e+06;210,86;210,43;0,00;0;0;
"P1/PRAHA - MA/2012/343";5;1;744403,0;1,04273e+06;210,87;210,60;0,00;0;0;
"P1/PRAHA - MA/2012/343";6;1;744399,0;1,042731e+06;210,91;210,74;0,00;0;0;
"P1/PRAHA - MA/2012/453";1;1;743924,8;1,04351e+06;189,80;185,89;186,40;0;1;
"P1/PRAHA - MA/2012/453";1;2;743923,6;1,043497e+06;0,00;0,00;0,00;0;1;
"P1/PRAHA - MA/2012/453";1;3;743921,9;1,043496e+06;0,00;0,00;0,00;0;1;
"P1/PRAHA - MA/2012/453";1;4;743918,1;1,043496e+06;0,00;0,00;0,00;0;1;
"P1/PRAHA - MA/2012/453";1;5;743919,5;1,04351e+06;190,00;185,89;186,46;0;1;
"P1/PRAHA - MA/2012/466";1;1;743634,8;1,042775e+06;188,20;186,95;0,00;0;0;
"P1/PRAHA - MA/2012/485";1;1;743881,8;1,042987e+06;190,45;189,35;0,00;0;0;
"P1/PRAHA - MA/2012/606";1;1;744282,6;1,042704e+06;210,97;210,07;210,70;1;0;
"P1/PRAHA - MA/2012/649";1;1;743761,0;1,042882e+06;189,00;188,00;0,00;0;0;
"P1/PRAHA - MA/2012/813";1;1;743921,0;1,043405e+06;0,00;0,00;0,00;0;0;
"P1/PRAHA - MA/2012/821";1;1;744298,3;1,042733e+06;212,40;209,56;0,00;0;0;
"P1/PRAHA - MA/2012/850";1;1;744297,6;1,04286e+06;208,40;207,19;0,00;0;0;
"P1/PRAHA - MA/2012/850";1;2;744296,9;1,042869e+06;208,64;207,50;0,00;0;0;
"P1/PRAHA - MA/2012/850";2;1;744297,5;1,042855e+06;205,70;204,85;0,00;0;0;
"P1/PRAHA - MA/2012/850";2;2;744297,5;1,042857e+06;205,70;204,78;0,00;0;0;
"P1/PRAHA - MA/2012/850";3;1;744295,8;1,04287e+06;210,35;207,66;0,00;0;0;
"P1/PRAHA - MA/2012/850";3;2;744298,0;1,042883e+06;210,49;207,60;207,75;0;0;
"P1/PRAHA - MA/2012/850";3;3;744298,8;1,042894e+06;210,93;209,50;210,40;0;0;
"P1/PRAHA - MA/2012/850";4;1;744294,3;1,042881e+06;211,27;208,68;0,00;0;0;
"P1/PRAHA - MA/2012/850";4;2;744294,5;1,042883e+06;211,22;208,70;0,00;0;0;
"P1/PRAHA - MA/2012/850";5;1;744296,8;1,04288e+06;209,82;207,25;207,40;1;0;
"P1/PRAHA - MA/2012/850";5;2;744294,3;1,042881e+06;209,81;207,84;0,00;0;0;
"P1/PRAHA - MA/2012/850";6;1;744298,3;1,042893e+06;210,07;208,49;210,60;1;0;
"P1/PRAHA - MA/2012/850";7;1;744302,3;1,042893e+06;212,70;211,93;0,00;0;0;
"P1/PRAHA - MA/2012/850";7;2;744302,8;1,042896e+06;212,69;211,87;0,00;0;0;
"P1/PRAHA - MA/2012/874";1;1;744006,4;1,042964e+06;191,52;0,00;0,00;0;1;
"P1/PRAHA - MA/2012/874";1;2;744001,5;1,042963e+06;0,00;0,00;0,00;0;1;
"P1/PRAHA - MA/2012/874";1;3;744001,7;1,042967e+06;0,00;0,00;0,00;0;1;
"P1/PRAHA - MA/2012/874";1;4;744006,5;1,042967e+06;0,00;0,00;0,00;0;1;
"P1/PRAHA - MA/2012/937";1;1;744436,0;1,042674e+06;227,14;226,25;0,00;0;0;
"P1/PRAHA - MA/2012/937";1;2;744440,0;1,042672e+06;227,69;226,66;0,00;0;0;
"P1/PRAHA - MA/2012/937";2;1;744442,0;1,042671e+06;228,32;227,16;0,00;0;0;
"P1/PRAHA - MA/2012/937";2;2;744453,0;1,042667e+06;229,50;228,34;228,64;0;0;
"P1/PRAHA - MA/2012/937";3;1;744478,0;1,042655e+06;232,75;231,73;232,34;1;0;
"P1/PRAHA - MA/2012/937";4;1;744479,0;1,042656e+06;232,70;231,74;231,99;1;0;
"P1/PRAHA - MA/2012/937";4;2;744482,0;1,042655e+06;233,05;232,01;232,44;1;0;
"P1/PRAHA - MA/2012/937";4;3;744489,0;1,042653e+06;233,69;232,58;233,03;1;0;
"P1/PRAHA - MA/2012/937";4;4;744503,0;1,04265e+06;235,37;234,17;234,48;1;0;
"P1/PRAHA - MA/2012/937";5;1;744475,0;1,042656e+06;232,34;231,39;231,95;1;0;
"P1/PRAHA - MA/2012/937";6;1;744485,0;1,042653e+06;233,47;232,28;233,00;1;0;
"P1/PRAHA - MA/2012/937";7;1;744492,0;1,042652e+06;234,15;233,05;0,00;0;0;
"P1/PRAHA - MA/2012/937";8;1;744501,0;1,04265e+06;235,18;234,05;234,46;1;0;
"P1/PRAHA - MA/2012/937";9;1;744519,0;1,042646e+06;237,73;236,58;236,86;1;0;
"P1/PRAHA - MA/2013/263";1;1;744457,4;1,042695e+06;225,30;223,90;0,00;0;0;
"P1/PRAHA - MA/2013/263";2;1;744445,1;1,04268e+06;223,50;222,70;222,90;0;0;
"P1/PRAHA - MA/2013/372";1;1;743953,0;1,042819e+06;194,65;193,54;0,00;0;0;
"P1/PRAHA - MA/2013/372";1;2;743954,0;1,042824e+06;194,65;193,45;0,00;0;0;
"P1/PRAHA - MA/2013/374";1;1;743897,0;1,043078e+06;190,35;189,70;0,00;0;0;
"P1/PRAHA - MA/2013/374";1;2;743895,1;1,043079e+06;190,35;189,75;0,00;0;0;
"P1/PRAHA - MA/2013/374";1;3;743893,9;1,043071e+06;190,45;189,95;0,00;0;0;
"P1/PRAHA - MA/2013/374";1;4;743893,3;1,043067e+06;190,53;190,05;0,00;0;0;
"P1/PRAHA - MA/2013/374";1;5;743890,1;1,043057e+06;190,82;190,12;0,00;0;0;
"P1/PRAHA - MA/2013/397";1;1;743687,0;1,04291e+06;188,70;187,04;0,00;0;0;
"P1/PRAHA - MA/2013/397";1;2;743685,0;1,042911e+06;188,70;187,04;0,00;0;0;
"P1/PRAHA - MA/2013/397";1;3;743686,0;1,042913e+06;188,70;185,00;0,00;0;0;
"P1/PRAHA - MA/2013/397";1;4;743688,0;1,042912e+06;188,70;187,04;0,00;0;0;
"P1/PRAHA - MA/2013/397";2;1;743700,0;1,04292e+06;186,01;185,23;0,00;0;0;
"P1/PRAHA - MA/2013/397";2;2;743699,0;1,042921e+06;185,98;185,23;0,00;0;0;
"P1/PRAHA - MA/2013/397";2;3;743701,0;1,042923e+06;186,10;185,23;0,00;0;0;
"P1/PRAHA - MA/2013/397";2;4;743701,0;1,042922e+06;185,99;185,23;0,00;0;0;
"P1/PRAHA - MA/2013/397";3;1;743705,0;1,042924e+06;185,99;185,25;0,00;0;0;
"P1/PRAHA - MA/2013/397";3;2;743704,0;1,042925e+06;186,00;185,25;0,00;0;0;
"P1/PRAHA - MA/2013/397";3;3;743705,0;1,042926e+06;0,00;0,00;0,00;0;0;
"P1/PRAHA - MA/2013/397";3;4;743705,0;1,042925e+06;0,00;0,00;0,00;0;0;
"P1/PRAHA - MA/2013/397";4;1;743686,0;1,042933e+06;186,06;184,90;0,00;0;0;
"P1/PRAHA - MA/2013/397";4;2;743684,0;1,042935e+06;186,06;185,50;0,00;0;0;
"P1/PRAHA - MA/2013/397";4;3;743684,0;1,042935e+06;186,05;185,54;0,00;0;0;
"P1/PRAHA - MA/2013/397";4;4;743687,0;1,042933e+06;186,06;184,92;0,00;0;0;
"P1/PRAHA - MA/2013/397";5;1;743688,0;1,042935e+06;0,00;0,00;0,00;0;0;
"P1/PRAHA - MA/2013/397";5;2;743686,0;1,042937e+06;0,00;0,00;0,00;0;0;
"P1/PRAHA - MA/2013/397";5;3;743686,0;1,042937e+06;186,06;184,93;0,00;0;0;
"P1/PRAHA - MA/2013/397";5;4;743688,0;1,042936e+06;186,06;184,95;0,00;0;0;
"P1/PRAHA - MA/2013/525";1;1;744288,0;1,042694e+06;214,90;210,34;214,13;1;0;
"P1/PRAHA - MA/2013/623";1;1;744215,3;1,042612e+06;224,26;223,70;224,00;1;0;
"P1/PRAHA - MA/2013/623";1;2;744216,0;1,042616e+06;;0,00;0,00;0;0;
"P1/PRAHA - MA/2013/702";0;1;744353,6;1,042627e+06;237,20;235,10;;0;0;
"P1/PRAHA - MA/2013/702";0;2;744356,1;1,04264e+06;0,00;0,00;0,00;0;0;
"P1/PRAHA - MA/2013/813";1;1;743875,6;1,043082e+06;188,44;187,10;0,00;0;1;
"P1/PRAHA - MA/2013/813";1;2;743873,1;1,043082e+06;0,00;0,00;0,00;0;1;
"P1/PRAHA - MA/2013/813";1;3;743872,9;1,043086e+06;0,00;0,00;0,00;0;1;
"P1/PRAHA - MA/2013/813";1;4;743875,6;1,043086e+06;0,00;0,00;0,00;0;1;
"P1/PRAHA - MA/2013/813";2;5;743865,8;1,043083e+06;187,76;0,00;0,00;0;0;
"P1/PRAHA - MA/2013/813";3;6;743865,0;1,043085e+06;188,44;186,60;0,00;0;1;
"P1/PRAHA - MA/2013/813";3;7;743864,8;1,043092e+06;0,00;0,00;0,00;0;1;
"P1/PRAHA - MA/2013/813";3;8;743868,8;1,043092e+06;0,00;0,00;0,00;0;1;
"P1/PRAHA - MA/2013/813";3;9;743868,8;1,043087e+06;0,00;0,00;0,00;0;1;
"P1/PRAHA - MA/2013/813";4;10;743863,3;1,043088e+06;190,22;187,28;0,00;0;0;
"P1/PRAHA - MA/2013/813";5;11;743865,6;1,043081e+06;187,76;186,72;0,00;0;0;
"P1/PRAHA - MA/2013/813";5;12;743864,8;1,043077e+06;0,00;0,00;0,00;0;0;
"P1/PRAHA - MA/2013/813";5;13;743867,3;1,043077e+06;0,00;0,00;0,00;0;0;
"P1/PRAHA - MA/2013/813";6;14;743872,9;1,043087e+06;190,30;188,98;0,00;0;1;
"P1/PRAHA - MA/2013/813";6;15;743868,1;1,043087e+06;0,00;0,00;0,00;0;1;
"P1/PRAHA - MA/2013/813";6;16;743898,1;1,043089e+06;0,00;0,00;0,00;0;1;
"P1/PRAHA - MA/2013/813";6;17;743872,6;1,043089e+06;0,00;0,00;0,00;0;1;
"P1/PRAHA - MA/2013/813";7;18;743864,1;1,043096e+06;190,53;0,00;0,00;0;0;
"P1/PRAHA - NO/2004/481";1;1;742645,0;1,04387e+06;198,74;194,00;194,22;0;0;
"P1/PRAHA - NO/2004/530";1;1;742649,0;1,043872e+06;198,74;193,94;194,04;0;0;
"P1/PRAHA - NO/2004/538";1;1;742752,0;1,043839e+06;197,97;196,17;;0;0;
"P1/PRAHA - NO/2004/943";1;1;742665,0;1,043859e+06;198,40;193,34;193,68;0;0;
"P1/PRAHA - NO/2004/960";1;1;742639,0;1,043881e+06;199,03;194,08;194,86;0;0;
"P1/PRAHA - NO/2004/998";1;1;742610,7;1,043903e+06;201,80;190,14;197,97;0;1;
"P1/PRAHA - NO/2004/998";1;2;742606,4;1,043906e+06;201,80;190,14;197,97;0;1;
"P1/PRAHA - NO/2004/998";1;3;742608,4;1,043909e+06;201,80;190,14;197,97;0;1;
"P1/PRAHA - NO/2004/998";1;4;742612,9;1,043905e+06;201,80;190,14;197,97;0;1;
"P1/PRAHA - NO/2005/740";1;1;742698,8;1,04382e+06;197,96;186,10;191,50;0;1;
"P1/PRAHA - NO/2005/740";1;2;742692,3;1,043826e+06;197,96;186,10;191,50;0;1;
"P1/PRAHA - NO/2005/740";1;3;742694,6;1,043827e+06;197,96;186,10;191,50;0;1;
"P1/PRAHA - NO/2005/740";1;4;742700,9;1,043823e+06;197,96;186,10;191,50;0;1;
"P1/PRAHA - NO/2005/980";1;1;742596,9;1,04391e+06;202,35;198,45;200,61;0;1;
"P1/PRAHA - NO/2005/980";1;2;742593,9;1,043912e+06;202,35;198,45;200,61;0;1;
"P1/PRAHA - NO/2005/980";1;3;742597,3;1,043918e+06;202,35;198,45;200,61;0;1;
"P1/PRAHA - NO/2005/980";1;4;742600,3;1,043917e+06;202,35;198,45;200,61;0;1;
"P1/PRAHA - NO/2008/952";1;1;742348,8;1,043416e+06;196,99;196,00;;0;0;
"P1/PRAHA - NO/2008/952";2;1;742354,0;1,043419e+06;196,99;196,00;;0;0;
"P1/PRAHA - NO/2008/952";3;1;742359,3;1,043422e+06;196,99;196,00;;0;0;
"P1/PRAHA - NO/2010/111";1;1;742973,0;1,043689e+06;196,15;192,60;193,90;0;1;
"P1/PRAHA - NO/2010/111";1;2;742973,0;1,043688e+06;0,00;0,00;0,00;0;1;
"P1/PRAHA - NO/2010/111";1;3;742976,0;1,043688e+06;0,00;0,00;0,00;0;1;
"P1/PRAHA - NO/2010/111";1;4;742976,0;1,043689e+06;0,00;0,00;0,00;0;1;
"P1/PRAHA - NO/2010/137";1;1;743050,0;1,043498e+06;194,93;193,13;0,00;0;0;
"P1/PRAHA - NO/2010/137";2;1;743101,0;1,044184e+06;205,16;203,82;204,02;0;0;
"P1/PRAHA - NO/2010/137";3;1;743078,0;1,044105e+06;202,86;201,44;0,00;0;0;
"P1/PRAHA - NO/2010/137";4;1;742873,0;1,044325e+06;213,60;212,40;212,40;0;0;
"P1/PRAHA - NO/2010/137";4;2;742875,0;1,044323e+06;0,00;0,00;0,00;0;0;
"P1/PRAHA - NO/2010/137";4;3;742875,0;1,044323e+06;0,00;0,00;0,00;0;0;
"P1/PRAHA - NO/2010/137";4;4;742873,0;1,044324e+06;0,00;0,00;0,00;0;0;
"P1/PRAHA - NO/2010/137";5;1;743136,0;1,043843e+06;195,90;194,90;0,00;0;0;
"P1/PRAHA - NO/2010/137";6;1;743074,0;1,043709e+06;195,16;194,06;0,00;0;0;
"P1/PRAHA - NO/2010/137";6;2;743081,0;1,043711e+06;0,00;0,00;0,00;0;0;
"P1/PRAHA - NO/2010/137";7;1;743132,0;1,04372e+06;195,00;194,09;0,00;0;0;
"P1/PRAHA - NO/2010/137";7;2;743139,0;1,04372e+06;0,00;0,00;0,00;0;0;
"P1/PRAHA - NO/2010/291";1;1;743105,0;1,044009e+06;198,20;195,56;196,20;0;0;
"P1/PRAHA - NO/2010/291";2;1;743158,0;1,044023e+06;198,08;195,90;196,74;0;1;
"P1/PRAHA - NO/2010/291";2;2;743152,0;1,044021e+06;0,00;0,00;0,00;0;1;
"P1/PRAHA - NO/2010/291";2;3;743149,0;1,044027e+06;0,00;0,00;0,00;0;1;
"P1/PRAHA - NO/2010/291";2;4;743155,0;1,044029e+06;0,00;0,00;0,00;0;1;
"P1/PRAHA - NO/2010/291";3;1;743428,0;1,044049e+06;193,80;191,48;190,72;0;1;
"P1/PRAHA - NO/2010/291";3;2;743424,0;1,044049e+06;0,00;0,00;0,00;0;1;
"P1/PRAHA - NO/2010/291";3;3;743424,0;1,044056e+06;0,00;0,00;0,00;0;1;
"P1/PRAHA - NO/2010/291";3;4;743428,0;1,044057e+06;0,00;0,00;0,00;0;1;
"P1/PRAHA - NO/2010/291";4;1;743409,0;1,044054e+06;0,00;0,00;0,00;0;1;
"P1/PRAHA - NO/2010/291";4;2;743406,0;1,044054e+06;0,00;0,00;0,00;0;1;
"P1/PRAHA - NO/2010/291";4;3;743406,0;1,044058e+06;0,00;0,00;0,00;0;1;
"P1/PRAHA - NO/2010/291";4;4;743410,0;1,044058e+06;0,00;0,00;0,00;0;1;
"P1/PRAHA - NO/2010/291";5;1;743293,0;1,04405e+06;0,00;0,00;0,00;0;1;
"P1/PRAHA - NO/2010/291";5;2;743288,0;1,044049e+06;0,00;0,00;0,00;0;1;
"P1/PRAHA - NO/2010/291";5;3;743287,0;1,044057e+06;0,00;0,00;0,00;0;1;
"P1/PRAHA - NO/2010/291";5;4;743292,0;1,044058e+06;0,00;0,00;0,00;0;1;
"P1/PRAHA - NO/2010/291";6;1;743092,0;1,044008e+06;197,86;196,18;0,00;0;0;
"P1/PRAHA - NO/2010/291";6;2;743081,0;1,044005e+06;197,76;196,10;0,00;0;0;
"P1/PRAHA - NO/2010/291";7;1;743306,0;1,044049e+06;0,00;0,00;0,00;0;1;
"P1/PRAHA - NO/2010/291";7;2;743303,0;1,044049e+06;0,00;0,00;0,00;0;1;
"P1/PRAHA - NO/2010/291";7;3;743302,0;1,044054e+06;0,00;0,00;0,00;0;1;
"P1/PRAHA - NO/2010/291";7;4;743306,0;1,044054e+06;0,00;0,00;0,00;0;1;
"P1/PRAHA - NO/2010/291";8;1;743076,0;1,044028e+06;199,80;196,60;196,82;0;1;
"P1/PRAHA - NO/2010/291";8;2;743072,0;1,044029e+06;0,00;0,00;0,00;0;1;
"P1/PRAHA - NO/2010/291";8;3;743072,0;1,044033e+06;0,00;0,00;0,00;0;1;
"P1/PRAHA - NO/2010/291";8;4;743077,0;1,044034e+06;0,00;0,00;0,00;0;1;
"P1/PRAHA - NO/2010/291";9;1;743065,0;1,04395e+06;197,40;194,70;195,60;0;1;
"P1/PRAHA - NO/2010/291";9;2;743062,0;1,043951e+06;0,00;0,00;0,00;0;1;
"P1/PRAHA - NO/2010/291";9;3;743062,0;1,043953e+06;0,00;0,00;0,00;0;1;
"P1/PRAHA - NO/2010/291";9;4;743066,0;1,043953e+06;0,00;0,00;0,00;0;1;
"P1/PRAHA - NO/2010/291";10;1;743066,0;1,043969e+06;197,80;194,60;194,90;0;1;
"P1/PRAHA - NO/2010/291";10;2;743063,0;1,04397e+06;0,00;0,00;0,00;0;1;
"P1/PRAHA - NO/2010/291";10;3;743064,0;1,043973e+06;0,00;0,00;0,00;0;1;
"P1/PRAHA - NO/2010/291";10;4;743067,0;1,043973e+06;0,00;0,00;0,00;0;1;
"P1/PRAHA - NO/2010/291";11;1;743064,0;1,043956e+06;0,00;0,00;0,00;0;0;
"P1/PRAHA - NO/2010/291";11;2;743065,0;1,043966e+06;0,00;0,00;0,00;0;0;
"P1/PRAHA - NO/2010/337";0;1;743220,0;1,043901e+06;;0,00;0,00;0;0;
"P1/PRAHA - NO/2010/337";0;2;743195,0;1,043895e+06;;0,00;0,00;0;0;
"P1/PRAHA - NO/2010/337";0;3;743191,0;1,043911e+06;0,00;0,00;0,00;0;0;
"P1/PRAHA - NO/2010/337";0;4;743213,0;1,043919e+06;0,00;0,00;0,00;0;0;
"P1/PRAHA - NO/2010/365";1;1;743019,0;1,043632e+06;196,30;184,40;192,80;0;1;
"P1/PRAHA - NO/2010/365";1;2;743012,0;1,043629e+06;0,00;0,00;0,00;0;1;
"P1/PRAHA - NO/2010/365";1;3;742979,0;1,043628e+06;0,00;0,00;0,00;0;1;
"P1/PRAHA - NO/2010/365";1;4;742979,0;1,043625e+06;0,00;0,00;0,00;0;1;
"P1/PRAHA - NO/2010/365";1;5;742965,0;1,043625e+06;0,00;0,00;0,00;0;1;
"P1/PRAHA - NO/2010/365";1;6;742964,0;1,043633e+06;0,00;0,00;0,00;0;1;
"P1/PRAHA - NO/2010/365";1;7;742975,0;1,043634e+06;0,00;0,00;0,00;0;1;
"P1/PRAHA - NO/2010/365";1;8;742993,0;1,043634e+06;0,00;0,00;0,00;0;1;
"P1/PRAHA - NO/2010/365";1;9;742994,0;1,043644e+06;0,00;0,00;0,00;0;1;
"P1/PRAHA - NO/2010/365";1;10;742997,0;1,043644e+06;0,00;0,00;0,00;0;1;
"P1/PRAHA - NO/2010/365";1;11;743000,0;1,043659e+06;0,00;0,00;0,00;0;1;
"P1/PRAHA - NO/2010/365";1;12;743014,0;1,043659e+06;0,00;0,00;0,00;0;1;
"P1/PRAHA - NO/2010/365";2;1;743013,0;1,043673e+06;195,80;189,50;193,00;0;1;
"P1/PRAHA - NO/2010/365";2;2;742997,0;1,04367e+06;0,00;0,00;0,00;0;1;
"P1/PRAHA - NO/2010/365";2;3;742997,0;1,043689e+06;0,00;0,00;0,00;0;1;
"P1/PRAHA - NO/2010/365";2;4;743011,0;1,043689e+06;0,00;0,00;0,00;0;1;
"P1/PRAHA - NO/2010/365";3;1;742955,0;1,043643e+06;196,30;186,20;193,30;0;1;
"P1/PRAHA - NO/2010/365";3;2;742925,0;1,043643e+06;0,00;0,00;0,00;0;1;
"P1/PRAHA - NO/2010/365";3;3;742925,0;1,043664e+06;0,00;0,00;0,00;0;1;
"P1/PRAHA - NO/2010/365";3;4;742955,0;1,043664e+06;0,00;0,00;0,00;0;1;
"P1/PRAHA - NO/2010/365";4;1;742943,0;1,04367e+06;196,20;184,30;193,50;0;1;
"P1/PRAHA - NO/2010/365";4;2;742928,0;1,04367e+06;0,00;0,00;0,00;0;1;
"P1/PRAHA - NO/2010/365";4;3;742930,0;1,043691e+06;0,00;0,00;0,00;0;1;
"P1/PRAHA - NO/2010/365";4;4;742934,0;1,043693e+06;0,00;0,00;0,00;0;1;
"P1/PRAHA - NO/2010/365";4;5;742937,0;1,043693e+06;0,00;0,00;0,00;0;1;
"P1/PRAHA - NO/2010/365";4;6;742943,0;1,043686e+06;0,00;0,00;0,00;0;1;
"P1/PRAHA - NO/2010/365";5;1;742961,0;1,043685e+06;196,30;188,30;192,90;0;1;
"P1/PRAHA - NO/2010/365";5;2;742949,0;1,043685e+06;0,00;0,00;0,00;0;1;
"P1/PRAHA - NO/2010/365";5;3;742949,0;1,043694e+06;0,00;0,00;0,00;0;1;
"P1/PRAHA - NO/2010/365";5;4;742961,0;1,043694e+06;0,00;0,00;0,00;0;1;
"P1/PRAHA - NO/2010/365";6;1;742916,0;1,043687e+06;0,00;0,00;0,00;0;0;
"P1/PRAHA - NO/2010/365";7;1;742910,0;1,043662e+06;196,40;193,20;0,00;0;1;
"P1/PRAHA - NO/2010/365";7;2;742906,0;1,043663e+06;0,00;0,00;0,00;0;1;
"P1/PRAHA - NO/2010/365";7;3;742907,0;1,043666e+06;0,00;0,00;0,00;0;1;
"P1/PRAHA - NO/2010/365";7;4;742911,0;1,043665e+06;0,00;0,00;0,00;0;1;
"P1/PRAHA - NO/2010/365";8;1;742907,0;1,043667e+06;196,40;190,70;193,60;0;1;
"P1/PRAHA - NO/2010/365";8;2;742905,0;1,043667e+06;0,00;0,00;0,00;0;1;
"P1/PRAHA - NO/2010/365";8;3;742905,0;1,043671e+06;0,00;0,00;0,00;0;1;
"P1/PRAHA - NO/2010/365";8;4;742907,0;1,043671e+06;0,00;0,00;0,00;0;1;
"P1/PRAHA - NO/2010/452";1;1;742913,1;1,043535e+06;196,33;191,90;192,88;0;1;
"P1/PRAHA - NO/2010/452";1;2;742912,8;1,043538e+06;196,25;191,90;192,87;0;1;
"P1/PRAHA - NO/2010/452";1;3;742915,4;1,043538e+06;196,23;191,90;192,86;0;1;
"P1/PRAHA - NO/2010/452";1;4;742915,8;1,043536e+06;196,35;191,90;192,86;0;1;
"P1/PRAHA - NO/2010/812";1;1;742758,8;1,043448e+06;;;;0;1;
"P1/PRAHA - NO/2010/812";1;2;742743,6;1,043468e+06;;;;0;1;
"P1/PRAHA - NO/2010/812";1;3;742758,4;1,043481e+06;;;;0;1;
"P1/PRAHA - NO/2010/812";1;4;742774,6;1,043461e+06;;;;0;1;
"P1/PRAHA - NO/2010/815";0;1;743396,0;1,043724e+06;0,00;0,00;0,00;0;0;
"P1/PRAHA - NO/2010/832";1;1;742953,0;1,043697e+06;196,09;193,22;193,93;0;0;
"P1/PRAHA - NO/2010/832";1;2;742924,0;1,043705e+06;196,17;193,12;194,49;0;0;
"P1/PRAHA - NO/2010/986";1;1;741643,7;1,043259e+06;194,39;192,50;194,00;1;1;
"P1/PRAHA - NO/2010/986";1;2;741639,1;1,04326e+06;194,40;192,50;194,00;1;1;
"P1/PRAHA - NO/2010/986";1;3;741639,6;1,043264e+06;194,44;192,50;194,00;1;1;
"P1/PRAHA - NO/2010/986";1;4;741644,2;1,043263e+06;194,41;192,50;194,00;1;1;
"P1/PRAHA - NO/2010/986";2;1;741639,1;1,043259e+06;194,40;193,50;193,90;1;1;
"P1/PRAHA - NO/2010/986";3;1;741636,5;1,043251e+06;194,38;193,48;;0;0;
"P1/PRAHA - NO/2010/986";4;1;741633,8;1,043243e+06;194,36;193,46;193,86;1;0;
"P1/PRAHA - NO/2010/986";5;1;741631,9;1,043242e+06;194,46;193,66;193,85;1;0;
"P1/PRAHA - NO/2010/986";6;1;741629,9;1,043241e+06;194,46;193,66;193,85;1;0;
"P1/PRAHA - NO/2010/986";7;1;741611,7;1,04324e+06;194,50;193,70;;0;0;
"P1/PRAHA - NO/2010/986";8;1;741595,2;1,043233e+06;194,61;193,81;;0;0;
"P1/PRAHA - NO/2010/986";9;1;741549,0;1,043237e+06;194,60;;;0;0;
"P1/PRAHA - NO/2011/254";0;1;743135,0;1,04377e+06;195,30;193,00;0,00;0;0;
"P1/PRAHA - NO/2011/463";1;1;742563,3;1,043386e+06;196,50;188,50;;0;0;
"P1/PRAHA - NO/2011/463";1;2;742554,3;1,043399e+06;196,50;188,50;193,45;0;0;
"P1/PRAHA - NO/2011/463";1;3;742608,7;1,043439e+06;196,50;188,50;;0;0;
"P1/PRAHA - NO/2011/463";1;4;742610,6;1,043436e+06;196,50;188,50;;0;0;
"P1/PRAHA - NO/2011/463";1;5;742620,0;1,043443e+06;196,50;188,50;;0;0;
"P1/PRAHA - NO/2011/463";1;6;742619,6;1,043444e+06;196,50;188,50;;0;0;
"P1/PRAHA - NO/2011/463";1;7;742629,1;1,043451e+06;196,50;188,50;;0;0;
"P1/PRAHA - NO/2011/463";1;8;742644,1;1,04343e+06;196,50;188,50;;0;0;
"P1/PRAHA - NO/2011/463";1;9;742633,3;1,043423e+06;196,50;188,50;;0;0;
"P1/PRAHA - NO/2011/463";1;10;742630,4;1,043427e+06;196,50;188,50;;0;0;
"P1/PRAHA - NO/2011/463";1;11;742591,4;1,043398e+06;196,50;188,50;;0;0;
"P1/PRAHA - NO/2011/463";1;12;742586,8;1,043405e+06;196,50;188,50;;0;0;
"P1/PRAHA - NO/2011/575";1;1;742374,0;1,043452e+06;192,89;191,50;0,00;0;0;
"P1/PRAHA - NO/2011/575";1;2;742371,6;1,043456e+06;192,89;191,50;0,00;0;0;
"P1/PRAHA - NO/2011/575";1;3;742373,3;1,043457e+06;192,89;191,50;0,00;0;0;
"P1/PRAHA - NO/2011/575";1;4;742375,6;1,043453e+06;192,89;191,50;0,00;0;0;
"P1/PRAHA - NO/2011/575";2;1;742387,2;1,043443e+06;196,67;191,30;;0;0;
"P1/PRAHA - NO/2011/575";2;2;742386,1;1,043445e+06;196,67;191,30;;0;0;
"P1/PRAHA - NO/2011/575";2;3;742387,0;1,043445e+06;196,67;191,30;;0;0;
"P1/PRAHA - NO/2011/575";2;4;742388,0;1,043443e+06;196,67;191,30;;0;0;
"P1/PRAHA - NO/2011/579";1;1;743493,1;1,043617e+06;191,25;0,00;0,00;0;0;
"P1/PRAHA - NO/2011/579";2;4;743461,3;1,043718e+06;0,00;0,00;0,00;0;0;
"P1/PRAHA - NO/2011/579";2;5;743458,8;1,043728e+06;0,00;0,00;0,00;0;0;
"P1/PRAHA - NO/2011/579";2;6;743465,1;1,043719e+06;189,70;187,10;0,00;0;0;
"P1/PRAHA - NO/2011/579";3;2;743464,3;1,043681e+06;191,25;186,00;0,00;0;0;
"P1/PRAHA - NO/2011/579";3;3;743465,6;1,043696e+06;0,00;0,00;0,00;0;0;
"P1/PRAHA - NO/2011/579";3;7;743489,4;1,04369e+06;0,00;0,00;0,00;0;0;
"P1/PRAHA - NO/2011/579";3;8;743493,1;1,043672e+06;0,00;0,00;0,00;0;0;
"P1/PRAHA - NO/2012/401";1;1;742346,6;1,043141e+06;194,30;187,30;;1;1;
"P1/PRAHA - NO/2012/401";1;2;742345,4;1,043143e+06;194,30;187,30;;1;1;
"P1/PRAHA - NO/2012/401";1;3;742348,1;1,043144e+06;194,30;187,30;;1;1;
"P1/PRAHA - NO/2012/401";1;4;742349,3;1,043143e+06;194,30;187,30;;1;1;
"P1/PRAHA - NO/2012/422";1;1;742800,9;1,043477e+06;;;;1;1;
"P1/PRAHA - NO/2012/422";1;2;742799,5;1,043479e+06;;;;1;1;
"P1/PRAHA - NO/2012/422";1;3;742801,8;1,043481e+06;;;;1;1;
"P1/PRAHA - NO/2012/422";1;4;742803,3;1,043479e+06;;;;1;1;
"P1/PRAHA - NO/2012/717";1;1;743161,4;1,043708e+06;0,00;0,00;0,00;1;1;
"P1/PRAHA - NO/2012/717";1;2;743156,7;1,043708e+06;0,00;0,00;0,00;1;1;
"P1/PRAHA - NO/2012/717";1;3;743148,3;1,043705e+06;0,00;0,00;0,00;0;1;
"P1/PRAHA - NO/2012/717";1;4;743146,9;1,043711e+06;0,00;0,00;0,00;0;1;
"P1/PRAHA - NO/2012/717";1;5;743138,8;1,043709e+06;0,00;0,00;0,00;1;1;
"P1/PRAHA - NO/2012/717";1;6;743137,2;1,043719e+06;0,00;0,00;0,00;1;1;
"P1/PRAHA - NO/2012/717";1;7;743152,8;1,043722e+06;0,00;0,00;0,00;1;1;
"P1/PRAHA - NO/2012/717";1;8;743161,0;1,043721e+06;0,00;0,00;0,00;1;1;
"P1/PRAHA - NO/2012/717";1;9;743160,6;1,043713e+06;0,00;0,00;0,00;1;1;
"P1/PRAHA - NO/2012/738";1;1;742963,9;1,043631e+06;196,02;192,55;193,16;0;1;
"P1/PRAHA - NO/2012/738";1;2;742942,9;1,043631e+06;193,50;192,79;193,16;0;1;
"P1/PRAHA - NO/2012/738";1;3;742939,9;1,043634e+06;193,26;192,98;193,20;0;1;
"P1/PRAHA - NO/2012/738";1;4;742939,9;1,043637e+06;193,10;193,10;0,00;0;1;
"P1/PRAHA - NO/2012/738";1;5;742942,9;1,04364e+06;193,26;190,14;193,16;0;1;
"P1/PRAHA - NO/2012/738";1;6;742948,9;1,04364e+06;193,03;190,46;192,48;1;1;
"P1/PRAHA - NO/2012/738";1;7;742948,9;1,043643e+06;196,02;190,46;192,48;1;1;
"P1/PRAHA - NO/2012/738";1;8;742963,9;1,043643e+06;196,27;191,58;193,38;0;1;
"P1/PRAHA - NO/2012/738";2;1;743014,9;1,043658e+06;0,00;0,00;0,00;0;1;
"P1/PRAHA - NO/2012/738";2;2;742996,9;1,043658e+06;196,05;191,70;0,00;0;1;
"P1/PRAHA - NO/2012/738";2;3;742996,9;1,043673e+06;196,05;191,70;0,00;0;1;
"P1/PRAHA - NO/2012/738";2;4;743014,9;1,043673e+06;0,00;0,00;0,00;0;1;
"P1/PRAHA - NO/2012/738";3;1;742932,7;1,043663e+06;194,70;184,72;193,24;0;0;
"P1/PRAHA - NO/2012/738";4;1;743016,3;1,043661e+06;196,05;191,83;192,87;0;0;
"P1/PRAHA - NO/2012/738";4;2;743012,8;1,043689e+06;196,00;190,90;192,66;1;0;
"P1/PRAHA - NO/2012/738";4;3;742981,4;1,043689e+06;196,20;192,87;193,76;0;0;
"P1/PRAHA - NO/2012/827";1;1;742723,0;1,043536e+06;196,96;195,26;0,00;0;0;
"P1/PRAHA - NO/2012/827";1;2;742722,0;1,043536e+06;0,00;0,00;0,00;0;0;
"P1/PRAHA - NO/2012/827";1;3;742722,0;1,043535e+06;0,00;0,00;0,00;0;0;
"P1/PRAHA - NO/2012/827";1;4;742723,0;1,043535e+06;0,00;0,00;0,00;0;0;
"P1/PRAHA - NO/2012/827";2;1;742710,0;1,043536e+06;196,99;196,68;0,00;0;0;
"P1/PRAHA - NO/2012/827";2;2;742706,0;1,043536e+06;0,00;0,00;0,00;0;0;
"P1/PRAHA - NO/2012/827";2;3;742706,0;1,043534e+06;0,00;0,00;0,00;0;0;
"P1/PRAHA - NO/2012/827";2;4;742710,0;1,043534e+06;0,00;0,00;0,00;0;0;
"P1/PRAHA - NO/2012/827";3;1;742724,0;1,043543e+06;197,70;0,00;0,00;0;0;
"P1/PRAHA - NO/2012/827";3;2;742712,0;1,043542e+06;0,00;0,00;0,00;0;0;
"P1/PRAHA - NO/2012/827";3;3;742712,0;1,04354e+06;0,00;0,00;0,00;0;0;
"P1/PRAHA - NO/2012/827";3;4;742724,0;1,043541e+06;0,00;0,00;0,00;0;0;
"P1/PRAHA - NO/2013/675";1;1;743234,0;1,043829e+06;194,80;193,20;193,30;0;0;
"P1/PRAHA - NO/2013/675";1;2;743222,0;1,043824e+06;195,30;192,90;193,35;0;0;
"P1/PRAHA - NO/2013/675";1;3;743221,0;1,043825e+06;195,30;192,90;193,35;0;0;
"P1/PRAHA - NO/2013/675";1;4;743220,0;1,043826e+06;195,30;192,86;193,34;0;0;
"P1/PRAHA - NO/2013/675";1;5;743220,0;1,043828e+06;195,30;192,86;193,34;0;0;
"P1/PRAHA - NO/2013/675";1;6;743220,0;1,04383e+06;195,30;192,40;192,40;1;0;
"P1/PRAHA - NO/2013/675";1;7;743223,0;1,04383e+06;194,92;193,22;193,32;0;0;
"P1/PRAHA - NO/2013/675";1;8;743231,0;1,043834e+06;194,90;193,10;193,20;0;0;
"P1/PRAHA - NO/2013/675";1;9;743232,0;1,043832e+06;194,80;193,00;193,00;1;0;
"P1/PRAHA - NO/2013/675";1;10;743234,0;1,043833e+06;194,80;193,00;193,00;1;0;
"P1/PRAHA - NO/2013/675";1;11;743234,0;1,043831e+06;194,80;193,00;193,00;1;0;
"P1/PRAHA - NO/2013/675";1;12;743233,0;1,043831e+06;194,80;193,00;193,00;1;0;
"P1/PRAHA - NO/2013/675";1;13;743231,0;1,043813e+06;195,28;193,10;193,32;0;0;
"P1/PRAHA - NO/2013/675";1;14;743207,0;1,04381e+06;195,39;193,20;0,00;0;0;
"P1/PRAHA - NO/2013/675";1;15;743206,0;1,04382e+06;195,39;192,25;0,00;0;0;
"P1/PRAHA - NO/2013/675";1;16;743206,0;1,043822e+06;195,39;192,25;0,00;0;0;
"P1/PRAHA - NO/2013/675";1;17;743211,0;1,043833e+06;195,29;193,10;0,00;0;0;
"P1/PRAHA - NO/2013/729";1;1;742997,3;1,043689e+06;195,69;192,76;193,30;0;1;
"P1/PRAHA - NO/2013/729";1;2;742995,8;1,043689e+06;0,00;0,00;0,00;0;1;
"P1/PRAHA - NO/2013/729";1;3;742995,6;1,043692e+06;0,00;0,00;0,00;0;1;
"P1/PRAHA - NO/2013/729";1;4;742997,4;1,043692e+06;0,00;0,00;0,00;0;1;
"P1/PRAHA - NO/2013/729";2;5;742997,0;1,043688e+06;195,69;192,70;193,30;0;1;
"P1/PRAHA - NO/2013/729";2;6;742997,1;1,04369e+06;0,00;0,00;0,00;0;1;
"P1/PRAHA - NO/2013/729";2;7;742994,9;1,04369e+06;0,00;0,00;0,00;0;1;
"P1/PRAHA - NO/2013/729";2;8;742994,9;1,043688e+06;0,00;0,00;0,00;0;1;
"P1/PRAHA - NO/2013/920";1;1;742962,6;1,043696e+06;196,06;194,19;0,00;0;1;
"P1/PRAHA - NO/2013/920";1;2;742961,6;1,043696e+06;0,00;0,00;0,00;0;1;
"P1/PRAHA - NO/2013/920";1;3;742960,8;1,043692e+06;0,00;0,00;0,00;0;1;
"P1/PRAHA - NO/2013/920";1;4;742961,9;1,043692e+06;0,00;0,00;0,00;0;1;
"P1/PRAHA - NO/2013/920";2;5;742959,7;1,043695e+06;195,90;193,00;193,62;0;1;
"P1/PRAHA - NO/2013/920";2;6;742957,9;1,043695e+06;0,00;0,00;0,00;0;1;
"P1/PRAHA - NO/2013/920";2;7;742957,4;1,043693e+06;0,00;0,00;0,00;0;1;
"P1/PRAHA - NO/2013/920";2;8;742959,4;1,043693e+06;0,00;0,00;0,00;0;1;
"P1/PRAHA - ST/2010/149";1;1;743128,0;1,043018e+06;189,02;186,27;0,00;0;0;
"P1/PRAHA - ST/2010/149";1;2;743126,0;1,043019e+06;0,00;0,00;0,00;0;0;
"P1/PRAHA - ST/2010/149";1;3;743127,0;1,043022e+06;0,00;0,00;0,00;0;0;
"P1/PRAHA - ST/2010/149";1;4;743127,0;1,043022e+06;0,00;0,00;0,00;0;0;
"P1/PRAHA - ST/2010/187";1;1;742973,0;1,042683e+06;188,83;186,90;0,00;0;0;
"P1/PRAHA - ST/2010/187";1;2;742973,0;1,042679e+06;0,00;0,00;0,00;0;0;
"P1/PRAHA - ST/2010/187";2;1;742978,0;1,04271e+06;188,60;186,50;0,00;0;0;
"P1/PRAHA - ST/2010/187";2;2;742979,0;1,042712e+06;0,00;0,00;0,00;0;0;
"P1/PRAHA - ST/2010/187";3;1;742965,0;1,042679e+06;189,00;186,97;0,00;0;0;
"P1/PRAHA - ST/2010/187";4;1;742849,0;1,042824e+06;189,90;188,06;0,00;0;0;
"P1/PRAHA - ST/2010/187";4;2;742848,0;1,042828e+06;0,00;0,00;0,00;0;0;
"P1/PRAHA - ST/2010/187";5;1;742844,0;1,042836e+06;189,68;188,00;0,00;0;0;
"P1/PRAHA - ST/2010/187";5;2;742843,0;1,042839e+06;0,00;0,00;0,00;0;0;
"P1/PRAHA - ST/2010/187";6;1;742786,0;1,042833e+06;189,52;187,80;0,00;0;0;
"P1/PRAHA - ST/2010/187";7;1;742698,0;1,042605e+06;187,82;185,77;0,00;0;0;
"P1/PRAHA - ST/2010/187";7;2;742696,0;1,042605e+06;0,00;0,00;0,00;0;0;
"P1/PRAHA - ST/2010/187";8;1;742692,0;1,042605e+06;187,42;185,20;185,42;0;0;
"P1/PRAHA - ST/2010/187";8;2;742689,0;1,042605e+06;0,00;0,00;0,00;0;0;
"P1/PRAHA - ST/2010/187";9;1;742960,0;1,042937e+06;190,36;188,40;0,00;0;0;
"P1/PRAHA - ST/2010/187";9;2;742961,0;1,04294e+06;0,00;0,00;0,00;0;0;
"P1/PRAHA - ST/2010/187";10;1;742800,0;1,042753e+06;187,30;185,36;0,00;0;0;
"P1/PRAHA - ST/2010/187";10;2;742799,0;1,042756e+06;0,00;0,00;0,00;0;0;
"P1/PRAHA - ST/2010/205";1;1;742690,0;1,043001e+06;194,04;192,30;0,00;0;0;
"P1/PRAHA - ST/2010/221";1;1;743279,0;1,043225e+06;189,30;187,30;0,00;0;1;
"P1/PRAHA - ST/2010/221";1;2;743276,0;1,043226e+06;189,30;187,30;0,00;0;1;
"P1/PRAHA - ST/2010/221";1;3;743277,0;1,043228e+06;189,30;187,30;0,00;0;1;
"P1/PRAHA - ST/2010/221";1;4;743280,0;1,043227e+06;189,30;187,30;0,00;0;1;
"P1/PRAHA - ST/2010/258";1;1;742515,0;1,042609e+06;190,30;190,00;0,00;0;1;
"P1/PRAHA - ST/2010/258";1;2;742514,0;1,04261e+06;190,30;189,50;0,00;0;1;
"P1/PRAHA - ST/2010/258";1;3;742514,0;1,042612e+06;0,00;0,00;0,00;0;1;
"P1/PRAHA - ST/2010/258";1;4;742515,0;1,042614e+06;0,00;0,00;0,00;0;1;
"P1/PRAHA - ST/2010/258";1;5;742524,0;1,042615e+06;0,00;0,00;0,00;0;1;
"P1/PRAHA - ST/2010/258";1;6;742524,0;1,042612e+06;0,00;0,00;0,00;0;1;
"P1/PRAHA - ST/2010/258";1;7;742523,0;1,042612e+06;0,00;0,00;0,00;0;1;
"P1/PRAHA - ST/2010/258";1;8;742523,0;1,04261e+06;0,00;0,00;0,00;0;1;
"P1/PRAHA - ST/2010/305";1;1;743101,0;1,043013e+06;189,40;186,80;185,65;0;0;
"P1/PRAHA - ST/2010/305";2;1;743100,0;1,043013e+06;189,25;186,80;0,00;0;0;
"P1/PRAHA - ST/2010/305";2;2;743097,0;1,043013e+06;0,00;0,00;0,00;0;0;
"P1/PRAHA - ST/2010/324";1;1;742985,0;1,04333e+06;192,44;190,80;191,37;0;0;
"P1/PRAHA - ST/2010/337";1;1;743152,0;1,043052e+06;189,40;187,60;186,60;0;0;
"P1/PRAHA - ST/2010/337";1;2;743141,0;1,043054e+06;189,20;186,80;187,00;0;0;
"P1/PRAHA - ST/2010/337";1;3;743142,0;1,043056e+06;0,00;0,00;0,00;0;0;
"P1/PRAHA - ST/2010/337";1;4;743152,0;1,043054e+06;0,00;0,00;0,00;0;0;
"P1/PRAHA - ST/2010/341";1;1;743268,0;1,042967e+06;190,14;188,15;0,00;0;0;
"P1/PRAHA - ST/2010/345";1;1;743335,0;1,042938e+06;188,70;183,20;0,00;0;0;
"P1/PRAHA - ST/2010/345";1;2;743330,0;1,042941e+06;0,00;0,00;0,00;0;0;
"P1/PRAHA - ST/2010/345";1;3;743330,0;1,042943e+06;0,00;0,00;0,00;0;0;
"P1/PRAHA - ST/2010/345";1;4;743330,0;1,042943e+06;0,00;0,00;0,00;0;0;
"P1/PRAHA - ST/2010/385";1;1;743102,0;1,043032e+06;188,80;187,25;;0;0;
"P1/PRAHA - ST/2010/385";2;1;743101,0;1,043032e+06;188,84;185,04;186,03;0;0;
"P1/PRAHA - ST/2010/385";2;2;743095,0;1,043032e+06;0,00;0,00;0,00;0;0;
"P1/PRAHA - ST/2010/442";1;1;742362,0;1,042733e+06;190,94;187,60;0,00;0;0;
"P1/PRAHA - ST/2010/442";1;2;742360,0;1,042733e+06;0,00;0,00;0,00;0;0;
"P1/PRAHA - ST/2010/442";1;3;742360,0;1,042737e+06;0,00;0,00;0,00;0;0;
"P1/PRAHA - ST/2010/442";1;4;742362,0;1,042737e+06;0,00;0,00;0,00;0;0;
"P1/PRAHA - ST/2010/512";1;1;742431,0;1,042603e+06;0,00;0,00;0,00;0;0;
"P1/PRAHA - ST/2010/512";1;2;742426,0;1,042603e+06;0,00;0,00;0,00;0;0;
"P1/PRAHA - ST/2010/512";1;3;742426,0;1,042603e+06;0,00;0,00;0,00;0;0;
"P1/PRAHA - ST/2010/512";1;4;742421,0;1,042602e+06;0,00;0,00;0,00;0;0;
"P1/PRAHA - ST/2010/512";1;5;742420,0;1,042608e+06;0,00;0,00;0,00;0;0;
"P1/PRAHA - ST/2010/512";1;6;742430,0;1,042609e+06;0,00;0,00;0,00;0;0;
"P1/PRAHA - ST/2010/512";2;1;742430,0;1,042611e+06;0,00;0,00;0,00;0;0;
"P1/PRAHA - ST/2010/512";2;2;742414,0;1,042608e+06;0,00;0,00;0,00;0;0;
"P1/PRAHA - ST/2010/512";2;3;742412,0;1,042614e+06;0,00;0,00;0,00;0;0;
"P1/PRAHA - ST/2010/512";2;4;742407,0;1,042614e+06;0,00;0,00;0,00;0;0;
"P1/PRAHA - ST/2010/512";2;5;742407,0;1,042616e+06;0,00;0,00;0,00;0;0;
"P1/PRAHA - ST/2010/512";2;6;742424,0;1,042618e+06;0,00;0,00;0,00;0;0;
"P1/PRAHA - ST/2010/512";2;7;742424,0;1,042613e+06;0,00;0,00;0,00;0;0;
"P1/PRAHA - ST/2010/512";2;8;742430,0;1,042613e+06;0,00;0,00;0,00;0;0;
"P1/PRAHA - ST/2010/512";3;1;742431,0;1,042603e+06;0,00;0,00;0,00;0;0;
"P1/PRAHA - ST/2010/512";3;2;742411,0;1,0426e+06;0,00;0,00;0,00;0;0;
"P1/PRAHA - ST/2010/519";1;1;743121,0;1,043003e+06;188,54;185,20;0,00;0;0;
"P1/PRAHA - ST/2010/519";2;1;743122,0;1,043002e+06;189,52;185,00;185,75;0;0;
"P1/PRAHA - ST/2010/519";2;2;743122,0;1,042997e+06;0,00;0,00;0,00;0;0;
"P1/PRAHA - ST/2010/572";1;1;743122,0;1,043006e+06;188,02;185,70;186,01;0;0;
"P1/PRAHA - ST/2010/572";2;1;743122,0;1,043006e+06;188,02;186,32;0,00;0;0;
"P1/PRAHA - ST/2010/572";2;2;743123,0;1,043018e+06;0,00;0,00;0,00;0;0;
"P1/PRAHA - ST/2010/616";1;1;742862,0;1,043035e+06;192,38;191,58;0,00;0;0;
"P1/PRAHA - ST/2010/707";1;1;743200,0;1,042994e+06;187,99;187,35;0,00;0;0;
"P1/PRAHA - ST/2010/707";1;2;743201,0;1,043005e+06;0,00;0,00;0,00;0;0;
"P1/PRAHA - ST/2010/718";1;1;743136,0;1,043016e+06;187,45;186,60;0,00;0;0;
"P1/PRAHA - ST/2010/799";1;1;743158,0;1,043023e+06;185,83;184,00;185,30;1;0;
"P1/PRAHA - ST/2010/799";1;2;743149,0;1,043024e+06;0,00;0,00;0,00;0;0;
"P1/PRAHA - ST/2010/799";1;3;743154,0;1,043055e+06;0,00;0,00;0,00;0;0;
"P1/PRAHA - ST/2010/799";1;4;743162,0;1,043054e+06;0,00;0,00;0,00;0;0;
"P1/PRAHA - ST/2010/908";1;1;743210,0;1,043031e+06;186,80;185,30;186,03;0;0;
"P1/PRAHA - ST/2010/908";1;2;743205,0;1,043031e+06;0,00;0,00;0,00;0;0;
"P1/PRAHA - ST/2010/908";1;3;743205,0;1,043034e+06;0,00;0,00;0,00;0;0;
"P1/PRAHA - ST/2010/908";1;4;743210,0;1,043033e+06;0,00;0,00;0,00;0;0;
"P1/PRAHA - ST/2010/926";1;1;742854,0;1,043035e+06;192,38;191,93;0,00;0;0;
"P1/PRAHA - ST/2010/959";1;1;743344,0;1,04308e+06;193,36;192,24;0,00;0;0;
"P1/PRAHA - ST/2010/959";2;1;743342,0;1,043081e+06;192,86;191,88;0,00;0;0;
"P1/PRAHA - ST/2010/959";2;2;743338,0;1,043083e+06;192,86;191,88;0,00;0;0;
"P1/PRAHA - ST/2010/959";3;1;743338,0;1,043085e+06;192,68;191,10;0,00;0;0;
"P1/PRAHA - ST/2010/959";3;2;743338,0;1,043083e+06;0,00;0,00;0,00;0;0;
"P1/PRAHA - ST/2010/959";3;3;743335,0;1,043078e+06;192,42;191,10;0,00;0;0;
"P1/PRAHA - ST/2010/959";4;1;743366,0;1,043072e+06;193,70;191,40;0,00;0;1;
"P1/PRAHA - ST/2010/959";4;2;743364,0;1,043073e+06;193,70;191,40;0,00;0;1;
"P1/PRAHA - ST/2010/959";4;3;743366,0;1,043077e+06;193,70;191,40;0,00;0;1;
"P1/PRAHA - ST/2010/959";4;4;743368,0;1,043076e+06;193,70;191,40;0,00;0;1;
"P1/PRAHA - ST/2010/959";5;1;743364,0;1,043057e+06;193,60;190,52;0,00;0;1;
"P1/PRAHA - ST/2010/959";5;2;743362,0;1,043058e+06;193,60;190,52;0,00;0;1;
"P1/PRAHA - ST/2010/959";5;3;743364,0;1,043062e+06;193,60;190,52;0,00;0;1;
"P1/PRAHA - ST/2010/959";5;4;743366,0;1,043061e+06;193,60;190,52;0,00;0;1;
"P1/PRAHA - ST/2010/959";6;1;743349,0;1,043082e+06;193,64;190,90;0,00;0;0;
"P1/PRAHA - ST/2010/959";7;1;743350,0;1,043089e+06;193,34;189,20;0,00;0;0;
"P1/PRAHA - ST/2010/959";7;2;743345,0;1,04309e+06;0,00;0,00;0,00;0;0;
"P1/PRAHA - ST/2010/959";7;3;743346,0;1,043096e+06;0,00;0,00;0,00;0;0;
"P1/PRAHA - ST/2010/959";7;4;743351,0;1,043094e+06;0,00;0,00;0,00;0;0;
"P1/PRAHA - ST/2010/973";1;1;743328,0;1,042942e+06;188,82;186,00;0,00;0;0;
"P1/PRAHA - ST/2010/973";1;2;743324,0;1,042944e+06;0,00;0,00;0,00;0;0;
"P1/PRAHA - ST/2011/166";1;1;742857,0;1,042522e+06;190,30;184,40;0,00;0;0;
"P1/PRAHA - ST/2011/166";1;2;742855,0;1,042521e+06;0,00;0,00;0,00;0;0;
"P1/PRAHA - ST/2011/166";1;3;742585,0;1,042519e+06;0,00;0,00;0,00;0;0;
"P1/PRAHA - ST/2011/166";1;4;742858,0;1,04252e+06;0,00;0,00;0,00;0;0;
"P1/PRAHA - ST/2011/166";2;5;742858,0;1,042519e+06;187,90;187,50;0,00;0;0;
"P1/PRAHA - ST/2011/166";2;6;742853,0;1,042518e+06;0,00;0,00;0,00;0;0;
"P1/PRAHA - ST/2011/166";2;7;742853,0;1,042511e+06;0,00;0,00;0,00;0;0;
"P1/PRAHA - ST/2011/166";2;8;742858,0;1,042512e+06;0,00;0,00;0,00;0;0;
"P1/PRAHA - ST/2011/276";1;1;742979,0;1,04324e+06;191,80;190,40;0,00;0;0;
"P1/PRAHA - ST/2011/276";2;1;742997,0;1,043241e+06;191,20;190,40;0,00;0;0;
"P1/PRAHA - ST/2011/276";2;2;742985,0;1,043241e+06;191,20;189,90;0,00;0;0;
"P1/PRAHA - ST/2011/287";1;1;742559,0;1,042992e+06;188,20;186,90;186,80;1;0;
"P1/PRAHA - ST/2011/326";1;1;743309,3;1,043134e+06;191,40;184,90;186,10;1;0;
"P1/PRAHA - ST/2011/326";2;1;743308,8;1,043145e+06;188,96;187,30;0,00;0;0;
"P1/PRAHA - ST/2011/326";3;1;743303,8;1,043128e+06;185,40;184,28;184,40;1;0;
"P1/PRAHA - ST/2011/326";4;1;743299,2;1,043128e+06;185,42;184,26;184,40;1;0;
"P1/PRAHA - ST/2011/326";5;1;743304,8;1,043135e+06;188,32;184,48;184,70;1;0;
"P1/PRAHA - ST/2011/426";1;1;743368,0;1,043055e+06;192,60;190,90;0,00;0;0;
"P1/PRAHA - ST/2011/426";1;2;743369,0;1,043075e+06;0,00;0,00;0,00;0;0;
"P1/PRAHA - ST/2011/426";2;1;743340,0;1,043064e+06;193,30;186,20;0,00;0;0;
"P1/PRAHA - ST/2011/426";2;2;743345,0;1,043077e+06;193,30;187,90;0,00;0;0;
"P1/PRAHA - ST/2011/427";1;1;743242,0;1,04299e+06;189,63;183,94;184,34;0;0;
"P1/PRAHA - ST/2011/467";1;1;743290,0;1,043078e+06;191,20;184,82;185,34;0;0;
"P1/PRAHA - ST/2011/473";1;1;743358,0;1,043051e+06;189,80;189,30;0,00;0;0;
"P1/PRAHA - ST/2011/473";1;2;743335,0;1,043061e+06;0,00;0,00;0,00;0;0;
"P1/PRAHA - ST/2011/473";1;3;743337,0;1,043064e+06;0,00;0,00;0,00;0;0;
"P1/PRAHA - ST/2011/473";1;4;743360,0;1,043056e+06;0,00;0,00;0,00;0;0;
"P1/PRAHA - ST/2011/513";1;1;742867,0;1,042767e+06;191,00;189,18;0,00;0;0;
"P1/PRAHA - ST/2011/526";1;1;742899,0;1,042796e+06;189,87;187,92;0,00;0;0;
"P1/PRAHA - ST/2011/526";1;2;742903,0;1,042796e+06;189,88;188,04;0,00;0;0;
"P1/PRAHA - ST/2011/526";2;1;742906,0;1,04278e+06;189,82;187,70;0,00;0;0;
"P1/PRAHA - ST/2011/526";2;2;742911,0;1,04278e+06;190,00;187,98;0,00;0;0;
"P1/PRAHA - ST/2011/530";1;1;743358,0;1,043051e+06;189,80;189,30;0,00;0;0;
"P1/PRAHA - ST/2011/530";1;2;743335,0;1,043061e+06;0,00;0,00;0,00;0;0;
"P1/PRAHA - ST/2011/530";1;3;743337,0;1,043064e+06;0,00;0,00;0,00;0;0;
"P1/PRAHA - ST/2011/530";1;4;743360,0;1,043056e+06;0,00;0,00;0,00;0;0;
"P1/PRAHA - ST/2011/544";1;1;743271,0;1,043034e+06;186,87;184,34;183,31;1;0;
"P1/PRAHA - ST/2011/591";1;1;742851,0;1,042725e+06;189,57;188,65;0,00;0;0;
"P1/PRAHA - ST/2011/591";1;2;742843,0;1,042725e+06;0,00;0,00;0,00;0;0;
"P1/PRAHA - ST/2011/591";1;3;742843,0;1,042727e+06;0,00;0,00;0,00;0;0;
"P1/PRAHA - ST/2011/591";1;4;742836,0;1,042727e+06;0,00;0,00;0,00;0;0;
"P1/PRAHA - ST/2011/591";1;5;742836,0;1,042725e+06;0,00;0,00;0,00;0;0;
"P1/PRAHA - ST/2011/591";1;6;742831,0;1,042725e+06;189,26;188,64;0,00;0;0;
"P1/PRAHA - ST/2011/591";1;7;742831,0;1,042723e+06;0,00;0,00;0,00;0;0;
"P1/PRAHA - ST/2011/591";1;8;742820,0;1,042724e+06;189,19;188,51;0,00;0;0;
"P1/PRAHA - ST/2011/591";1;9;742817,0;1,042721e+06;189,13;188,41;0,00;0;0;
"P1/PRAHA - ST/2011/591";1;10;742817,0;1,042716e+06;0,00;0,00;0,00;0;0;
"P1/PRAHA - ST/2011/591";1;11;742819,0;1,042714e+06;189,05;188,36;0,00;0;0;
"P1/PRAHA - ST/2011/591";1;12;742819,0;1,042709e+06;0,00;0,00;0,00;0;0;
"P1/PRAHA - ST/2011/678";1;1;743131,0;1,043115e+06;189,22;187,09;187,34;0;0;
"P1/PRAHA - ST/2011/678";1;2;743126,0;1,043111e+06;189,10;187,26;187,31;0;0;
"P1/PRAHA - ST/2011/678";2;1;743124,0;1,043105e+06;189,02;187,04;187,24;0;0;
"P1/PRAHA - ST/2011/678";2;2;743123,0;1,043099e+06;189,01;186,70;186,99;0;0;
"P1/PRAHA - ST/2011/797";1;1;743262,0;1,043006e+06;190,60;183,48;184,60;1;0;
"P1/PRAHA - ST/2011/797";2;1;743262,0;1,043006e+06;190,74;183,89;184,62;0;0;
"P1/PRAHA - ST/2011/797";3;1;743284,0;1,043043e+06;190,87;183,98;184,93;0;0;
"P1/PRAHA - ST/2011/797";4;1;743288,0;1,04305e+06;190,80;183,78;185,04;0;0;
"P1/PRAHA - ST/2011/799";1;1;742896,9;1,043316e+06;194,16;192,98;0,00;0;0;
"P1/PRAHA - ST/2011/799";1;2;742895,5;1,043314e+06;0,00;0,00;0,00;0;0;
"P1/PRAHA - ST/2011/799";2;3;742930,4;1,043353e+06;193,97;192,88;0,00;0;0;
"P1/PRAHA - ST/2011/799";3;4;742818,5;1,043242e+06;194,51;193,59;0,00;0;0;
"P1/PRAHA - ST/2011/799";4;5;742942,7;1,043385e+06;194,23;193,58;0,00;0;0;
"P1/PRAHA - ST/2011/799";5;6;742890,7;1,043163e+06;193,51;192,25;0,00;0;0;
"P1/PRAHA - ST/2011/799";6;7;743070,2;1,04332e+06;190,58;190,20;0,00;0;0;
"P1/PRAHA - ST/2011/799";6;8;743070,3;1,043319e+06;190,50;190,20;0,00;0;0;
"P1/PRAHA - ST/2011/799";7;9;743056,9;1,043259e+06;189,80;188,82;0,00;0;0;
"P1/PRAHA - ST/2011/799";7;10;743052,1;1,043236e+06;0,00;0,00;0,00;0;0;
"P1/PRAHA - ST/2011/799";8;11;743073,6;1,043367e+06;191,25;189,67;0,00;0;0;
"P1/PRAHA - ST/2011/799";8;12;743074,5;1,043363e+06;191,17;189,87;0,00;0;0;
"P1/PRAHA - ST/2011/799";9;13;743034,2;1,043481e+06;194,20;193,60;0,00;0;0;
"P1/PRAHA - ST/2011/799";10;14;743046,7;1,043461e+06;194,15;193,51;0,00;0;0;
"P1/PRAHA - ST/2011/799";11;15;742919,6;1,04337e+06;194,22;193,04;0,00;0;0;
"P1/PRAHA - ST/2011/799";11;16;742918,1;1,043372e+06;0,00;0,00;0,00;0;0;
"P1/PRAHA - ST/2011/799";12;17;742967,1;1,043413e+06;193,30;192,50;0,00;0;0;
"P1/PRAHA - ST/2011/799";13;18;743041,2;1,043509e+06;194,94;194,10;0,00;0;0;
"P1/PRAHA - ST/2011/799";13;19;743038,2;1,043508e+06;0,00;0,00;0,00;0;0;
"P1/PRAHA - ST/2011/799";14;20;742960,6;1,043453e+06;194,50;193,40;0,00;0;0;
"P1/PRAHA - ST/2011/804";1;1;742981,0;1,042476e+06;192,26;188,00;0,00;0;0;
"P1/PRAHA - ST/2011/919";1;1;743117,0;1,043065e+06;188,61;186,31;0,00;0;0;
"P1/PRAHA - ST/2011/919";1;2;743117,0;1,043062e+06;188,66;186,19;186,98;0;0;
"P1/PRAHA - ST/2011/919";2;1;743114,0;1,043059e+06;188,58;186,86;186,86;0;0;
"P1/PRAHA - ST/2011/919";2;2;743112,0;1,043059e+06;188,56;186,48;186,51;1;0;
"P1/PRAHA - ST/2011/919";3;1;743111,0;1,043059e+06;188,56;186,75;0,00;0;0;
"P1/PRAHA - ST/2011/919";3;2;743108,0;1,043058e+06;188,60;186,72;187,02;0;0;
"P1/PRAHA - ST/2011/929";1;1;743302,0;1,043077e+06;191,34;183,93;184,88;0;0;
"P1/PRAHA - ST/2011/970";1;1;742979,0;1,04324e+06;191,80;190,40;0,00;0;0;
"P1/PRAHA - ST/2011/970";2;1;742997,0;1,043241e+06;191,20;190,40;0,00;0;0;
"P1/PRAHA - ST/2011/970";2;2;742985,0;1,043241e+06;191,20;189,90;0,00;0;0;
"P1/PRAHA - ST/2012/119";1;1;742725,2;1,042915e+06;192,20;189,10;189,20;0;0;
"P1/PRAHA - ST/2012/119";2;1;742719,8;1,04291e+06;190,95;189,07;188,53;1;0;
"P1/PRAHA - ST/2012/119";2;2;742719,0;1,042913e+06;191,00;189,18;0,00;0;0;
"P1/PRAHA - ST/2012/119";3;1;742688,6;1,042975e+06;192,40;190,42;190,57;0;0;
"P1/PRAHA - ST/2012/119";3;2;742679,4;1,042968e+06;192,12;190,37;190,44;0;0;
"P1/PRAHA - ST/2012/119";4;1;742746,2;1,042988e+06;192,20;190,10;189,65;0;0;
"P1/PRAHA - ST/2012/119";5;1;742709,9;1,04298e+06;192,50;190,37;189,45;0;0;
"P1/PRAHA - ST/2012/119";6;1;742710,1;1,042979e+06;192,37;190,45;189,46;0;0;
"P1/PRAHA - ST/2012/119";6;2;742702,6;1,042978e+06;192,30;190,43;189,55;0;0;
"P1/PRAHA - ST/2012/119";7;1;742699,5;1,042978e+06;192,27;190,16;189,46;0;0;
"P1/PRAHA - ST/2012/119";7;2;742686,8;1,042975e+06;192,16;190,42;0,00;0;0;
"P1/PRAHA - ST/2012/119";8;1;742702,3;1,042972e+06;192,36;190,36;0,00;0;0;
"P1/PRAHA - ST/2012/119";8;2;742700,9;1,042976e+06;192,43;190,69;0,00;0;0;
"P1/PRAHA - ST/2012/119";9;1;742702,3;1,042972e+06;192,36;190,36;0,00;0;0;
"P1/PRAHA - ST/2012/119";9;2;742700,9;1,042976e+06;192,43;190,69;0,00;0;0;
"P1/PRAHA - ST/2012/119";10;1;742423,2;1,042956e+06;192,70;190,73;191,07;0;0;
"P1/PRAHA - ST/2012/119";10;2;742420,7;1,042956e+06;192,78;190,82;191,22;0;0;
"P1/PRAHA - ST/2012/119";11;1;742424,9;1,042958e+06;192,69;190,69;191,28;0;0;
"P1/PRAHA - ST/2012/119";12;1;742501,7;1,042965e+06;193,25;191,14;0,00;0;0;
"P1/PRAHA - ST/2012/119";12;2;742497,6;1,042964e+06;193,20;191,06;191,19;0;0;
"P1/PRAHA - ST/2012/119";12;3;742494,7;1,042964e+06;193,12;191,07;191,14;0;0;
"P1/PRAHA - ST/2012/119";13;1;742500,0;1,042966e+06;193,12;191,12;191,29;0;0;
"P1/PRAHA - ST/2012/119";13;2;742494,7;1,042965e+06;193,02;191,11;191,24;0;0;
"P1/PRAHA - ST/2012/119";14;1;742499,9;1,042966e+06;193,10;191,14;191,21;0;0;
"P1/PRAHA - ST/2012/119";14;2;742499,7;1,042969e+06;193,11;191,17;191,18;0;0;
"P1/PRAHA - ST/2012/119";15;1;742561,3;1,042967e+06;192,64;190,68;0,00;0;0;
"P1/PRAHA - ST/2012/119";15;2;742556,2;1,042967e+06;192,71;190,90;0,00;0;0;
"P1/PRAHA - ST/2012/119";16;1;742559,0;1,042968e+06;192,57;190,87;0,00;0;0;
"P1/PRAHA - ST/2012/119";16;2;742556,3;1,042969e+06;192,59;190,92;0,00;0;0;
"P1/PRAHA - ST/2012/119";17;1;742499,9;1,042973e+06;193,11;190,73;0,00;0;0;
"P1/PRAHA - ST/2012/119";18;1;742507,5;1,042965e+06;193,13;190,94;191,25;0;0;
"P1/PRAHA - ST/2012/119";18;2;742506,5;1,042969e+06;193,27;191,38;0,00;0;0;
"P1/PRAHA - ST/2012/119";19;1;742486,5;1,043034e+06;193,11;191,21;0,00;0;0;
"P1/PRAHA - ST/2012/119";20;1;742483,6;1,04306e+06;193,31;191,21;0,00;0;0;
"P1/PRAHA - ST/2012/119";20;2;742483,8;1,043057e+06;193,31;191,19;0,00;0;0;
"P1/PRAHA - ST/2012/119";21;1;742492,7;1,043004e+06;193,04;191,18;191,30;0;0;
"P1/PRAHA - ST/2012/119";22;1;742491,2;1,043011e+06;193,05;191,15;191,23;0;0;
"P1/PRAHA - ST/2012/119";22;2;742490,1;1,043017e+06;193,06;191,08;191,15;0;0;
"P1/PRAHA - ST/2012/119";23;1;742564,3;1,042961e+06;192,47;190,68;190,81;0;0;
"P1/PRAHA - ST/2012/119";23;2;742565,2;1,042965e+06;192,53;190,64;190,81;0;0;
"P1/PRAHA - ST/2012/119";24;1;742782,3;1,042996e+06;191,81;190,16;189,46;0;0;
"P1/PRAHA - ST/2012/119";24;2;742774,6;1,042995e+06;192,02;190,23;189,13;0;0;
"P1/PRAHA - ST/2012/154";1;1;742947,0;1,042948e+06;190,46;188,34;0,00;0;0;
"P1/PRAHA - ST/2012/154";1;2;742943,2;1,042951e+06;190,53;188,33;0,00;0;0;
"P1/PRAHA - ST/2012/154";2;1;742948,9;1,042959e+06;190,24;0,00;0,00;0;0;
"P1/PRAHA - ST/2012/154";2;2;742942,8;1,042963e+06;190,30;188,27;188,01;0;0;
"P1/PRAHA - ST/2012/154";2;3;742939,6;1,042967e+06;190,30;188,72;0,00;0;0;
"P1/PRAHA - ST/2012/154";3;1;742960,9;1,04294e+06;190,39;188,50;0,00;0;0;
"P1/PRAHA - ST/2012/154";4;1;743199,9;1,042919e+06;190,81;189,00;0,00;0;0;
"P1/PRAHA - ST/2012/154";4;2;743191,4;1,04292e+06;190,77;188,90;0,00;0;0;
"P1/PRAHA - ST/2012/154";5;1;743077,3;1,042874e+06;0,00;0,00;0,00;0;0;
"P1/PRAHA - ST/2012/154";5;2;743072,4;1,042877e+06;0,00;0,00;0,00;0;0;
"P1/PRAHA - ST/2012/154";6;1;742984,5;1,042927e+06;190,41;188,41;0,00;0;0;
"P1/PRAHA - ST/2012/154";6;2;742975,0;1,042932e+06;190,51;188,50;0,00;0;0;
"P1/PRAHA - ST/2012/154";7;1;743016,8;1,042909e+06;190,50;188,70;0,00;0;0;
"P1/PRAHA - ST/2012/154";8;1;743048,4;1,042891e+06;190,61;188,60;0,00;0;0;
"P1/PRAHA - ST/2012/154";8;2;743041,2;1,042895e+06;190,53;188,50;0,00;0;0;
"P1/PRAHA - ST/2012/154";9;1;743033,1;1,042897e+06;190,79;189,00;0,00;0;0;
"P1/PRAHA - ST/2012/154";10;1;743001,8;1,042929e+06;0,00;0,00;0,00;0;0;
"P1/PRAHA - ST/2012/154";10;2;742980,5;1,042941e+06;0,00;0,00;0,00;0;0;
"P1/PRAHA - ST/2012/154";11;1;743138,0;1,042922e+06;190,90;189,10;0,00;0;0;
"P1/PRAHA - ST/2012/154";11;2;743136,2;1,04293e+06;190,86;189,00;0,00;0;0;
"P1/PRAHA - ST/2012/154";12;1;743129,5;1,042984e+06;190,46;188,60;0,00;0;0;
"P1/PRAHA - ST/2012/154";13;1;743144,0;1,042882e+06;0,00;0,00;0,00;0;0;
"P1/PRAHA - ST/2012/154";13;2;743141,3;1,042897e+06;0,00;0,00;0,00;0;0;
"P1/PRAHA - ST/2012/154";14;1;743046,5;1,042981e+06;0,00;0,00;0,00;0;0;
"P1/PRAHA - ST/2012/154";14;2;743045,8;1,042986e+06;190,19;188,03;0,00;0;0;
"P1/PRAHA - ST/2012/154";15;1;743045,0;1,042881e+06;0,00;0,00;0,00;0;0;
"P1/PRAHA - ST/2012/154";15;2;743045,6;1,042887e+06;190,75;188,95;0,00;0;0;
"P1/PRAHA - ST/2012/154";16;1;743041,4;1,042845e+06;0,00;0,00;0,00;0;0;
"P1/PRAHA - ST/2012/154";16;2;743042,1;1,042851e+06;0,00;0,00;0,00;0;0;
"P1/PRAHA - ST/2012/154";17;1;743053,4;1,042924e+06;0,00;0,00;0,00;0;0;
"P1/PRAHA - ST/2012/154";18;1;743048,0;1,042965e+06;0,00;0,00;0,00;0;0;
"P1/PRAHA - ST/2012/154";18;2;743047,5;1,042969e+06;0,00;0,00;0,00;0;0;
"P1/PRAHA - ST/2012/154";19;1;743037,8;1,042811e+06;190,80;188,80;0,00;0;0;
"P1/PRAHA - ST/2012/154";20;1;743000,3;1,0428e+06;0,00;0,00;0,00;0;0;
"P1/PRAHA - ST/2012/154";20;2;742989,4;1,042797e+06;190,23;188,40;0,00;0;0;
"P1/PRAHA - ST/2012/154";21;1;743055,2;1,042807e+06;0,00;0,00;0,00;0;0;
"P1/PRAHA - ST/2012/154";21;2;743046,8;1,042811e+06;190,50;188,59;0,00;0;0;
"P1/PRAHA - ST/2012/154";21;3;743037,4;1,042809e+06;0,00;0,00;0,00;0;0;
"P1/PRAHA - ST/2012/154";22;1;743089,1;1,042792e+06;190,80;188,41;0,00;0;0;
"P1/PRAHA - ST/2012/154";23;1;743075,5;1,042799e+06;0,00;0,00;0,00;0;0;
"P1/PRAHA - ST/2012/185";1;1;743088,0;1,043398e+06;191,82;190,79;0,00;0;0;
"P1/PRAHA - ST/2012/185";1;2;743086,9;1,043398e+06;191,86;187,63;187,69;1;0;
"P1/PRAHA - ST/2012/185";1;3;743085,3;1,043396e+06;191,83;188,34;0,00;0;0;
"P1/PRAHA - ST/2012/185";1;4;743084,3;1,043398e+06;191,83;187,46;187,86;0;0;
"P1/PRAHA - ST/2012/185";1;5;743086,0;1,043399e+06;191,83;187,59;0,00;0;0;
"P1/PRAHA - ST/2012/185";1;6;743087,5;1,0434e+06;191,85;190,90;0,00;0;0;
"P1/PRAHA - ST/2012/185";2;1;743092,4;1,043402e+06;191,24;190,10;0,00;0;0;
"P1/PRAHA - ST/2012/185";3;1;743099,9;1,0434e+06;191,94;191,14;0,00;0;0;
"P1/PRAHA - ST/2012/185";3;2;743098,2;1,043399e+06;192,00;191,08;0,00;0;0;
"P1/PRAHA - ST/2012/185";3;3;743096,4;1,043402e+06;191,64;187,21;0,00;0;0;
"P1/PRAHA - ST/2012/185";3;4;743098,0;1,043403e+06;190,93;186,44;186,46;0;0;
"P1/PRAHA - ST/2012/355";1;1;743230,3;1,043268e+06;189,22;187,40;187,70;0;0;
"P1/PRAHA - ST/2012/355";2;1;743233,5;1,043269e+06;189,18;188,04;0,00;0;0;
"P1/PRAHA - ST/2012/355";3;1;743230,4;1,043271e+06;0,00;0,00;0,00;0;0;
"P1/PRAHA - ST/2012/355";4;1;743199,4;1,043273e+06;187,51;184,40;0,00;0;0;
"P1/PRAHA - ST/2012/416";1;1;743071,9;1,043439e+06;0,00;0,00;0,00;0;0;
"P1/PRAHA - ST/2012/416";1;2;743080,4;1,043429e+06;0,00;0,00;0,00;0;0;
"P1/PRAHA - ST/2012/416";1;3;743153,9;1,043486e+06;0,00;0,00;0,00;0;0;
"P1/PRAHA - ST/2012/416";1;4;743245,9;1,043522e+06;0,00;0,00;0,00;0;0;
"P1/PRAHA - ST/2012/416";1;5;743251,4;1,043515e+06;0,00;0,00;0,00;0;0;
"P1/PRAHA - ST/2012/416";2;1;743259,5;1,043514e+06;0,00;0,00;0,00;0;0;
"P1/PRAHA - ST/2012/416";2;2;743279,8;1,04353e+06;0,00;0,00;0,00;0;0;
"P1/PRAHA - ST/2012/416";2;3;743277,9;1,043539e+06;0,00;0,00;0,00;0;0;
"P1/PRAHA - ST/2012/416";2;4;743297,4;1,043547e+06;0,00;0,00;0,00;0;0;
"P1/PRAHA - ST/2012/416";2;5;743328,8;1,043534e+06;189,72;188,80;0,00;0;0;
"P1/PRAHA - ST/2012/416";2;6;743330,1;1,043523e+06;0,00;0,00;0,00;0;0;
"P1/PRAHA - ST/2012/416";2;7;743344,5;1,043527e+06;0,00;0,00;0,00;0;0;
"P1/PRAHA - ST/2012/416";2;8;743351,3;1,043535e+06;0,00;0,00;0,00;0;0;
"P1/PRAHA - ST/2012/416";3;1;743335,3;1,043523e+06;0,00;0,00;0,00;0;0;
"P1/PRAHA - ST/2012/416";3;2;743349,6;1,043477e+06;0,00;0,00;0,00;0;0;
"P1/PRAHA - ST/2012/416";3;3;743349,0;1,043462e+06;189,50;188,42;0,00;0;0;
"P1/PRAHA - ST/2012/416";3;4;743348,6;1,043448e+06;0,00;0,00;0,00;0;0;
"P1/PRAHA - ST/2012/416";4;1;743338,9;1,043444e+06;0,00;0,00;0,00;0;0;
"P1/PRAHA - ST/2012/416";4;2;743348,8;1,043446e+06;189,58;188,60;0,00;0;0;
"P1/PRAHA - ST/2012/416";4;3;743352,3;1,043382e+06;188,98;187,96;0,00;0;0;
"P1/PRAHA - ST/2012/416";4;4;743184,8;1,043363e+06;0,00;0,00;0,00;0;0;
"P1/PRAHA - ST/2012/416";4;5;743184,8;1,043358e+06;0,00;0,00;0,00;0;0;
"P1/PRAHA - ST/2012/416";5;1;743357,6;1,04343e+06;0,00;0,00;0,00;0;0;
"P1/PRAHA - ST/2012/416";5;2;743360,2;1,04337e+06;0,00;0,00;0,00;0;0;
"P1/PRAHA - ST/2012/416";5;3;743268,8;1,043362e+06;0,00;0,00;0,00;0;0;
"P1/PRAHA - ST/2012/416";5;4;743255,7;1,043308e+06;0,00;0,00;0,00;0;0;
"P1/PRAHA - ST/2012/416";6;1;743190,6;1,043339e+06;0,00;0,00;0,00;0;0;
"P1/PRAHA - ST/2012/416";6;2;743184,8;1,043356e+06;0,00;0,00;0,00;0;0;
"P1/PRAHA - ST/2012/416";6;3;743124,3;1,04336e+06;0,00;0,00;0,00;0;0;
"P1/PRAHA - ST/2012/416";6;4;743100,9;1,043345e+06;0,00;0,00;0,00;0;0;
"P1/PRAHA - ST/2012/416";6;5;743076,8;1,043351e+06;0,00;0,00;0,00;0;0;
"P1/PRAHA - ST/2012/416";7;1;743134,0;1,043361e+06;0,00;0,00;0,00;0;0;
"P1/PRAHA - ST/2012/416";7;2;743135,8;1,043375e+06;0,00;0,00;0,00;0;0;
"P1/PRAHA - ST/2012/416";7;3;743166,1;1,0434e+06;0,00;0,00;0,00;0;0;
"P1/PRAHA - ST/2012/416";7;4;743163,3;1,043402e+06;0,00;0,00;0,00;0;0;
"P1/PRAHA - ST/2012/416";7;5;743129,8;1,043385e+06;0,00;0,00;0,00;0;0;
"P1/PRAHA - ST/2012/416";7;6;743123,0;1,043422e+06;0,00;0,00;0,00;0;0;
"P1/PRAHA - ST/2012/416";7;7;743107,8;1,043444e+06;0,00;0,00;0,00;0;0;
"P1/PRAHA - ST/2012/416";7;8;743092,5;1,043432e+06;0,00;0,00;0,00;0;0;
"P1/PRAHA - ST/2012/627";1;1;743026,0;1,043281e+06;191,03;186,10;187,04;0;0;
"P1/PRAHA - ST/2012/627";1;2;743023,0;1,043282e+06;0,00;0,00;0,00;0;0;
"P1/PRAHA - ST/2012/627";1;3;743024,0;1,043284e+06;0,00;0,00;0,00;0;0;
"P1/PRAHA - ST/2012/627";1;4;743026,0;1,043283e+06;0,00;0,00;0,00;0;0;
"P1/PRAHA - ST/2012/627";3;1;743019,0;1,043292e+06;191,24;189,50;0,00;0;0;
"P1/PRAHA - ST/2012/627";4;1;743023,0;1,04329e+06;191,06;189,10;1,00;0;0;
"P1/PRAHA - ST/2012/627";4;2;743020,0;1,04329e+06;0,00;0,00;0,00;0;0;
"P1/PRAHA - ST/2012/627";4;3;743023,0;1,043292e+06;0,00;0,00;0,00;0;0;
"P1/PRAHA - ST/2012/627";4;4;743022,0;1,043291e+06;0,00;0,00;0,00;0;0;
"P1/PRAHA - ST/2012/627";5;1;743021,0;1,043286e+06;190,93;190,08;0,00;0;0;
"P1/PRAHA - ST/2012/627";6;1;743023,6;1,043294e+06;191,06;190,22;0,00;0;0;
"P1/PRAHA - ST/2012/684";1;1;743056,1;1,043267e+06;189,71;189,08;0,00;0;0;
"P1/PRAHA - ST/2012/684";1;2;743056,7;1,043267e+06;189,71;188,93;0,00;0;0;
"P1/PRAHA - ST/2012/684";1;3;743056,5;1,043266e+06;189,71;188,93;0,00;0;0;
"P1/PRAHA - ST/2012/684";1;4;743055,9;1,043266e+06;189,71;189,71;0,00;0;0;
"P1/PRAHA - ST/2012/721";1;1;743071,3;1,043431e+06;193,11;191,80;191,87;0;1;
"P1/PRAHA - ST/2012/721";1;2;743068,3;1,043431e+06;193,12;190,20;190,40;1;1;
"P1/PRAHA - ST/2012/721";1;3;743068,1;1,043433e+06;193,14;191,80;191,92;0;1;
"P1/PRAHA - ST/2012/721";1;4;743071,1;1,043434e+06;193,22;190,20;190,33;1;1;
"P1/PRAHA - ST/2012/721";2;5;743074,3;1,043429e+06;193,10;192,00;0,00;0;0;
"P1/PRAHA - ST/2012/721";3;6;743046,5;1,043507e+06;195,00;194,40;0,00;0;1;
"P1/PRAHA - ST/2012/721";3;7;743035,0;1,043507e+06;195,00;194,40;0,00;0;1;
"P1/PRAHA - ST/2012/721";3;8;743035,0;1,043538e+06;195,74;195,10;0,00;0;1;
"P1/PRAHA - ST/2012/721";3;9;743046,5;1,043538e+06;195,74;195,10;0,00;0;1;
"P1/PRAHA - ST/2012/905";1;1;743328,0;1,043279e+06;0,00;0,00;0,00;0;0;
"P1/PRAHA - ST/2012/905";1;2;743320,0;1,043281e+06;0,00;0,00;0,00;0;0;
"P1/PRAHA - ST/2012/905";1;3;743318,0;1,043285e+06;0,00;0,00;0,00;0;0;
"P1/PRAHA - ST/2012/905";1;4;743246,0;1,043304e+06;189,56;188,50;187,54;1;0;
"P1/PRAHA - ST/2012/905";1;5;743198,0;1,043326e+06;0,00;0,00;0,00;0;0;
"P1/PRAHA - ST/2012/905";1;6;743189,0;1,043339e+06;0,00;0,00;0,00;0;0;
"P1/PRAHA - ST/2012/905";1;7;743195,0;1,043329e+06;0,00;0,00;0,00;0;0;
"P1/PRAHA - ST/2012/905";1;8;743189,0;1,04332e+06;0,00;0,00;0,00;0;0;
"P1/PRAHA - ST/2012/905";2;1;743189,0;1,043316e+06;0,00;0,00;0,00;0;0;
"P1/PRAHA - ST/2012/905";2;2;743188,0;1,043307e+06;0,00;0,00;0,00;0;0;
"P1/PRAHA - ST/2012/905";2;3;743190,0;1,043302e+06;0,00;0,00;0,00;0;0;
"P1/PRAHA - ST/2012/905";2;4;743184,0;1,043277e+06;189,02;187,94;0,00;0;0;
"P1/PRAHA - ST/2012/905";2;5;743179,0;1,043249e+06;0,00;0,00;0,00;0;0;
"P1/PRAHA - ST/2012/905";2;6;743184,0;1,043197e+06;0,00;0,00;0,00;0;0;
"P1/PRAHA - ST/2012/905";3;1;743179,0;1,043248e+06;0,00;0,00;0,00;0;0;
"P1/PRAHA - ST/2012/905";3;2;743151,0;1,043249e+06;0,00;0,00;0,00;0;0;
"P1/PRAHA - ST/2012/905";3;3;743144,0;1,043257e+06;0,00;0,00;0,00;0;0;
"P1/PRAHA - ST/2012/905";4;1;743087,0;1,043342e+06;0,00;0,00;0,00;0;0;
"P1/PRAHA - ST/2012/905";4;2;743111,0;1,043337e+06;0,00;0,00;0,00;0;0;
"P1/PRAHA - ST/2012/905";4;3;743144,0;1,043336e+06;0,00;0,00;0,00;0;0;
"P1/PRAHA - ST/2012/905";4;4;743189,0;1,043317e+06;0,00;0,00;0,00;0;0;
"P1/PRAHA - ST/2012/905";5;1;743101,0;1,043339e+06;0,00;0,00;0,00;0;0;
"P1/PRAHA - ST/2012/905";5;2;743099,0;1,043321e+06;0,00;0,00;0,00;0;0;
"P1/PRAHA - ST/2012/905";5;3;743101,0;1,043308e+06;0,00;0,00;0,00;0;0;
"P1/PRAHA - ST/2012/905";6;1;743244,0;1,043175e+06;0,00;0,00;0,00;0;0;
"P1/PRAHA - ST/2012/905";6;2;743287,0;1,043177e+06;188,96;187,94;0,00;0;0;
"P1/PRAHA - ST/2012/905";6;3;743318,0;1,04318e+06;0,00;0,00;0,00;0;0;
"P1/PRAHA - ST/2012/905";7;1;743292,0;1,043182e+06;0,00;0,00;0,00;0;0;
"P1/PRAHA - ST/2012/905";7;2;743298,0;1,04322e+06;0,00;0,00;0,00;0;0;
"P1/PRAHA - ST/2012/905";7;3;743318,0;1,043185e+06;0,00;0,00;0,00;0;0;
"P1/PRAHA - ST/2012/905";7;4;743321,0;1,043203e+06;0,00;0,00;0,00;0;0;
"P1/PRAHA - ST/2012/905";7;5;743305,0;1,043222e+06;118,72;187,56;0,00;0;0;
"P1/PRAHA - ST/2012/905";7;6;743297,0;1,043224e+06;0,00;0,00;0,00;0;0;
"P1/PRAHA - ST/2012/905";8;1;743293,0;1,043225e+06;0,00;0,00;0,00;0;0;
"P1/PRAHA - ST/2012/905";8;2;743263,0;1,043231e+06;0,00;0,00;0,00;0;0;
"P1/PRAHA - ST/2012/905";9;1;743376,0;1,043234e+06;0,00;0,00;0,00;0;0;
"P1/PRAHA - ST/2012/905";9;2;743366,0;1,043231e+06;0,00;0,00;0,00;0;0;
"P1/PRAHA - ST/2012/905";9;3;743365,0;1,04322e+06;0,00;0,00;0,00;0;0;
"P1/PRAHA - ST/2012/905";10;1;743365,0;1,04322e+06;0,00;0,00;0,00;0;0;
"P1/PRAHA - ST/2012/905";10;2;743359,0;1,043224e+06;0,00;0,00;0,00;0;0;
"P1/PRAHA - ST/2012/905";10;3;743350,0;1,043219e+06;0,00;0,00;0,00;0;0;
"P1/PRAHA - ST/2012/905";11;1;743355,0;1,043177e+06;0,00;0,00;0,00;0;0;
"P1/PRAHA - ST/2012/905";11;2;743364,0;1,043202e+06;0,00;0,00;0,00;0;0;
"P1/PRAHA - ST/2012/905";11;3;743365,0;1,04322e+06;0,00;0,00;0,00;0;0;
"P1/PRAHA - ST/2012/905";12;1;743314,0;1,043208e+06;188,62;187,10;0,00;0;0;
"P1/PRAHA - ST/2012/905";12;2;743312,0;1,043223e+06;0,00;0,00;0,00;0;0;
"P1/PRAHA - ST/2012/905";13;1;743246,0;1,043297e+06;0,00;0,00;0,00;0;0;
"P1/PRAHA - ST/2012/905";13;2;743235,0;1,0433e+06;0,00;0,00;0,00;0;0;
"P1/PRAHA - ST/2012/905";13;3;743231,0;1,043298e+06;0,00;0,00;0,00;0;0;
"P1/PRAHA - ST/2012/905";13;4;743201,0;1,043312e+06;0,00;0,00;0,00;0;0;
"P1/PRAHA - ST/2012/905";14;1;743197,0;1,04331e+06;0,00;0,00;0,00;0;0;
"P1/PRAHA - ST/2012/905";14;2;743194,0;1,043291e+06;0,00;0,00;0,00;0;0;
"P1/PRAHA - ST/2012/905";14;3;743191,0;1,043288e+06;0,00;0,00;0,00;0;0;
"P1/PRAHA - ST/2012/905";14;4;743187,0;1,043271e+06;0,00;0,00;0,00;0;0;
"P1/PRAHA - ST/2012/905";14;5;743186,0;1,043235e+06;0,00;0,00;0,00;0;0;
"P1/PRAHA - ST/2012/905";14;6;743192,0;1,043204e+06;0,00;0,00;0,00;0;0;
"P1/PRAHA - ST/2012/905";15;1;743192,0;1,043204e+06;0,00;0,00;0,00;0;0;
"P1/PRAHA - ST/2012/905";15;2;743200,0;1,0432e+06;189,30;188,70;0,00;0;0;
"P1/PRAHA - ST/2012/905";15;3;743194,0;1,043196e+06;0,00;0,00;0,00;0;0;
"P1/PRAHA - ST/2012/905";15;4;743235,0;1,04318e+06;0,00;0,00;0,00;0;0;
"P1/PRAHA - ST/2012/905";16;1;743377,0;1,043233e+06;0,00;0,00;0,00;0;0;
"P1/PRAHA - ST/2012/905";16;2;743400,0;1,043273e+06;0,00;0,00;0,00;0;0;
"P1/PRAHA - ST/2012/905";16;3;743404,0;1,043289e+06;0,00;0,00;0,00;0;0;
"P1/PRAHA - ST/2013/144";1;1;743289,5;1,043256e+06;189,50;189,00;0,00;0;0;
"P1/PRAHA - ST/2013/144";1;2;743292,8;1,043269e+06;189,50;189,00;0,00;0;0;
"P1/PRAHA - ST/2013/144";1;3;743293,3;1,043268e+06;189,50;189,00;0,00;0;0;
"P1/PRAHA - ST/2013/144";1;4;743290,0;1,043256e+06;189,50;189,00;0,00;0;0;
"P1/PRAHA - ST/2013/235";1;1;743699,0;1,043563e+06;188,59;187,10;0,00;0;1;
"P1/PRAHA - ST/2013/235";1;2;743693,4;1,043564e+06;0,00;0,00;0,00;0;1;
"P1/PRAHA - ST/2013/235";1;3;743693,9;1,043569e+06;0,00;0,00;0,00;0;1;
"P1/PRAHA - ST/2013/235";1;4;743699,4;1,043568e+06;0,00;0,00;0,00;0;1;
"P1/PRAHA - ST/2013/235";2;5;743703,8;1,043601e+06;188,62;187,62;0,00;0;0;
"P1/PRAHA - ST/2013/235";3;6;743702,3;1,04361e+06;188,42;186,72;0,00;0;0;
"P1/PRAHA - ST/2013/235";4;7;743695,3;1,043602e+06;188,79;186,69;0,00;0;0;
"P1/PRAHA - ST/2013/235";5;8;743695,7;1,043605e+06;188,79;186,69;0,00;0;0;
"P1/PRAHA - ST/2013/235";6;9;743704,1;1,043593e+06;188,62;187,52;0,00;0;0;
"P1/PRAHA - ST/2013/235";7;10;743707,9;1,043571e+06;0,00;0,00;0,00;0;0;
"P1/PRAHA - ST/2013/235";7;11;743705,4;1,043566e+06;188,68;187,40;0,00;0;0;
"P1/PRAHA - ST/2013/235";7;12;743702,1;1,043545e+06;0,00;0,00;0,00;0;0;
"P1/PRAHA - ST/2013/235";7;13;743701,5;1,043434e+06;188,42;187,10;0,00;0;0;
"P1/PRAHA - ST/2013/235";7;14;743700,6;1,043521e+06;0,00;0,00;0,00;0;0;
"P1/PRAHA - ST/2013/235";7;15;743699,4;1,043517e+06;188,59;187,10;0,00;0;0;
"P1/PRAHA - ST/2013/235";7;16;743696,0;1,043505e+06;188,39;187,50;0,00;0;0;
"P1/PRAHA - ST/2013/235";7;17;743695,2;1,043502e+06;0,00;0,00;0,00;0;0;
"P1/PRAHA - ST/2013/385";1;1;742889,1;1,043273e+06;189,98;189,65;189,65;1;0;
"P1/PRAHA - ST/2013/385";1;2;742887,3;1,043276e+06;189,95;189,58;0,00;0;0;
"P1/PRAHA - ST/2013/385";1;3;742885,6;1,043279e+06;190,07;189,61;0,00;0;0;
"P1/PRAHA - ST/2013/385";1;4;742884,7;1,043281e+06;190,56;190,15;0,00;0;0;
"P1/PRAHA - ST/2013/385";1;5;742882,8;1,043283e+06;190,56;190,20;0,00;0;0;
"P1/PRAHA - ST/2013/385";1;6;742881,4;1,043284e+06;190,75;190,36;0,00;0;0;
"P1/PRAHA - ST/2013/385";1;7;742879,7;1,043286e+06;190,68;190,27;0,00;0;0;
"P1/PRAHA - ST/2013/385";1;8;742877,2;1,043287e+06;190,74;190,29;0,00;0;0;
"P1/PRAHA - ST/2013/644";1;1;743220,0;1,043282e+06;0,00;0,00;0,00;0;0;
"P1/PRAHA - ST/2013/654";1;1;743041,0;1,043219e+06;191,32;190,38;0,00;0;0;
"P1/PRAHA - ST/2013/654";1;2;743035,0;1,043221e+06;191,32;190,38;0,00;0;0;
"P1/PRAHA - ST/2013/654";1;3;743036,0;1,043224e+06;0,00;190,35;0,00;0;0;
"P1/PRAHA - ST/2013/799";1;1;742967,3;1,042986e+06;190,45;188,80;0,00;0;0;
"P1/PRAHA - ST/2013/799";1;2;742965,3;1,042989e+06;190,45;188,80;0,00;0;0;
"P1/PRAHA - ST/2013/799";1;3;742967,6;1,042991e+06;190,45;188,80;0,00;0;0;
"P1/PRAHA - ST/2013/799";1;4;742969,3;1,042988e+06;190,45;188,80;0,00;0;0;
"P1/PRAHA - ST/2013/832";1;1;743326,0;1,043451e+06;0,00;0,00;0,00;0;0;
"P1/PRAHA - ST/2013/832";1;2;743326,0;1,043453e+06;189,50;188,67;0,00;0;0;
"P1/PRAHA - ST/2013/832";1;3;743328,0;1,043454e+06;0,00;0,00;0,00;0;0;
"P1/PRAHA - ST/2013/832";1;4;743325,0;1,043456e+06;0,00;0,00;0,00;0;0;
"P1/PRAHA - ST/2013/832";1;5;743325,0;1,043457e+06;0,00;0,00;0,00;0;0;
"P1/PRAHA - ST/2013/832";1;6;743324,0;1,043458e+06;0,00;0,00;0,00;0;0;
"P1/PRAHA - ST/2013/832";1;7;743321,0;1,043457e+06;0,00;0,00;0,00;0;0;
"P1/PRAHA - ST/2013/905";13;1;743246,0;1,043297e+06;0,00;0,00;0,00;0;0;
"P1/PRAHA - ST/2013/905";13;2;743235,0;1,0433e+06;0,00;0,00;0,00;0;0;
"P1/PRAHA - ST/2013/905";13;3;743231,0;1,043298e+06;0,00;0,00;0,00;0;0;
"P1/PRAHA - ST/2013/905";13;4;743201,0;1,043312e+06;0,00;0,00;0,00;0;0;
"P1/PRAHA - ST/2013/905";14;1;743197,0;1,04331e+06;0,00;0,00;0,00;0;0;
"P1/PRAHA - ST/2013/905";14;2;743194,0;1,043291e+06;0,00;0,00;0,00;0;0;
"P1/PRAHA - ST/2013/905";14;3;743191,0;1,043288e+06;0,00;0,00;0,00;0;0;
"P1/PRAHA - ST/2013/905";14;4;743187,0;1,043271e+06;0,00;0,00;0,00;0;0;
"P1/PRAHA - ST/2013/905";14;5;743186,0;1,043235e+06;0,00;0,00;0,00;0;0;
"P1/PRAHA - ST/2013/905";14;6;743192,0;1,043204e+06;0,00;0,00;0,00;0;0;
"P1/PRAHA - ST/2013/905";15;1;743192,0;1,043204e+06;0,00;0,00;0,00;0;0;
"P1/PRAHA - ST/2013/905";15;2;743200,0;1,0432e+06;189,30;188,70;0,00;0;0;
"P1/PRAHA - ST/2013/905";15;3;743194,0;1,043196e+06;0,00;0,00;0,00;0;0;
"P1/PRAHA - ST/2013/905";15;4;743235,0;1,04318e+06;0,00;0,00;0,00;0;0;
"P1/PRAHA - ST/2013/905";16;1;743377,0;1,043233e+06;0,00;0,00;0,00;0;0;
"P1/PRAHA - ST/2013/905";16;2;743400,0;1,043273e+06;0,00;0,00;0,00;0;0;
"P1/PRAHA - ST/2013/905";16;3;743404,0;1,043289e+06;0,00;0,00;0,00;0;0;
"P1/PRAHA - ST/2013/931";1;1;742344,6;1,042694e+06;184,49;182,40;0,00;1;0;
"P1/PRAHA - ST/2013/931";1;2;742344,2;1,042701e+06;184,49;182,40;0,00;1;0;
"P1/PRAHA - ST/2013/931";1;3;742362,1;1,042702e+06;184,49;182,40;0,00;1;0;
"P1/PRAHA - ST/2013/931";1;4;742362,5;1,042695e+06;184,49;182,40;0,00;1;0;
"P1/PRAHA - ST/2013/941";1;1;743293,0;1,043406e+06;190,34;188,89;0,00;0;0;
"P1/PRAHA - ST/2013/941";1;2;743291,0;1,043406e+06;0,00;0,00;0,00;0;0;
"P1/PRAHA - ST/2013/941";1;3;743290,0;1,043408e+06;0,00;0,00;0,00;0;0;
"P1/PRAHA - ST/2013/941";1;4;743292,0;1,043408e+06;0,00;0,00;0,00;0;0;
"P1/PRAHA - ST/2014/263";1;1;743228,0;1,0432e+06;190,30;0,00;0,00;0;0;
"P1/PRAHA - ST/2014/263";1;2;743226,0;1,0432e+06;0,00;0,00;0,00;0;0;
"P1/PRAHA - ST/2014/263";1;3;743223,0;1,043202e+06;0,00;0,00;0,00;0;0;
"P1/PRAHA - ST/2014/263";1;4;743220,0;1,043203e+06;0,00;0,00;0,00;0;0;
"P1/PRAHA - ST/2014/263";1;5;743216,0;1,043205e+06;0,00;0,00;0,00;0;0;
"P1/PRAHA - ST/2014/263";1;6;743216,0;1,043207e+06;0,00;0,00;0,00;0;0;
"P1/PRAHA - ST/2014/263";1;7;743215,0;1,043208e+06;0,00;0,00;0,00;0;0;
"P1/PRAHA - ST/2014/263";1;8;743216,0;1,043208e+06;0,00;0,00;0,00;0;0;
"P1/PRAHA - ST/2014/263";1;9;743216,0;1,04321e+06;0,00;0,00;0,00;0;0;
"P1/PRAHA - ST/2014/263";1;10;743217,0;1,04321e+06;0,00;0,00;0,00;0;0;
"P1/PRAHA - ST/2014/263";1;11;743217,0;1,043208e+06;0,00;0,00;0,00;0;0;
"P1/PRAHA - ST/2014/263";1;12;743216,0;1,043206e+06;0,00;0,00;0,00;0;0;
"P1/PRAHA - ST/2014/263";1;13;743220,0;1,043204e+06;0,00;0,00;0,00;0;0;
"P1/PRAHA - ST/2014/263";1;14;743220,0;1,043205e+06;0,00;0,00;0,00;0;0;
"P1/PRAHA - ST/2014/263";1;15;743220,0;1,043205e+06;0,00;0,00;0,00;0;0;
"P1/PRAHA - ST/2014/263";1;16;743220,0;1,043206e+06;0,00;0,00;0,00;0;0;
"P1/PRAHA - ST/2014/263";1;17;743219,0;1,043206e+06;0,00;0,00;0,00;0;0;
"P1/PRAHA - ST/2014/263";1;18;743219,0;1,043206e+06;0,00;0,00;0,00;0;0;
"P1/PRAHA - ST/2014/263";1;19;743220,0;1,043206e+06;0,00;0,00;0,00;0;0;
"P1/PRAHA - ST/2014/263";1;20;743220,0;1,043207e+06;0,00;0,00;0,00;0;0;
"P1/PRAHA - ST/2014/263";1;21;743221,0;1,043207e+06;0,00;0,00;0,00;0;0;
"P1/PRAHA - ST/2014/263";1;22;743221,0;1,043207e+06;0,00;0,00;0,00;0;0;
"P1/PRAHA - ST/2014/263";1;23;743222,0;1,043207e+06;0,00;0,00;0,00;0;0;
"P1/PRAHA - ST/2014/263";1;24;743222,0;1,043206e+06;0,00;0,00;0,00;0;0;
"P1/PRAHA - ST/2014/263";1;25;743221,0;1,043206e+06;0,00;0,00;0,00;0;0;
"P1/PRAHA - ST/2014/263";1;26;743220,0;1,043204e+06;0,00;0,00;0,00;0;0;
"P1/PRAHA - ST/2014/263";1;27;743223,0;1,043202e+06;0,00;0,00;0,00;0;0;
"P1/PRAHA - ST/2014/263";1;28;743224,0;1,043205e+06;0,00;0,00;0,00;0;0;
"P1/PRAHA - ST/2014/263";1;29;743224,0;1,043205e+06;0,00;0,00;0,00;0;0;
"P1/PRAHA - ST/2014/263";1;30;743224,0;1,043204e+06;0,00;0,00;0,00;0;0;
"P1/PRAHA - ST/2014/263";1;31;743225,0;1,043204e+06;0,00;0,00;0,00;0;0;
"P1/PRAHA - ST/2014/263";1;32;743225,0;1,043203e+06;0,00;0,00;0,00;0;0;
"P1/PRAHA - ST/2014/263";1;33;743224,0;1,043203e+06;0,00;0,00;0,00;0;0;
"P1/PRAHA - ST/2014/263";1;34;743223,0;1,043202e+06;0,00;0,00;0,00;0;0;
"P1/PRAHA - ST/2014/263";1;35;743228,0;1,0432e+06;0,00;0,00;0,00;0;0;
"P1/PRAHA - ST/2014/263";2;1;743214,0;1,043205e+06;190,10;189,90;0,00;0;0;
"P1/PRAHA - ST/2014/263";2;2;743211,0;1,043207e+06;0,00;0,00;0,00;0;0;
"P1/PRAHA - ST/2014/263";2;3;743212,0;1,043208e+06;0,00;0,00;0,00;0;0;
"P1/PRAHA - ST/2014/263";2;4;743215,0;1,043207e+06;0,00;0,00;0,00;0;0;
"P1/PRAHA - ST/2014/263";3;1;743215,0;1,043208e+06;190,10;189,90;0,00;0;0;
"P1/PRAHA - ST/2014/263";3;2;743212,0;1,043209e+06;0,00;0,00;0,00;0;0;
"P1/PRAHA - ST/2014/263";3;3;743213,0;1,043212e+06;0,00;0,00;0,00;0;0;
"P1/PRAHA - ST/2014/263";3;4;743214,0;1,043212e+06;0,00;0,00;0,00;0;0;
"P1/PRAHA - ST/2014/263";3;5;743214,0;1,043212e+06;0,00;0,00;0,00;0;0;
"P1/PRAHA - ST/2014/263";3;6;743217,0;1,043211e+06;0,00;0,00;0,00;0;0;
"P1/PRAHA - ST/2014/263";3;7;743217,0;1,04321e+06;0,00;0,00;0,00;0;0;
"P1/PRAHA - ST/2014/263";3;8;743216,0;1,04321e+06;0,00;0,00;0,00;0;0;
"P1/PRAHA - ST/2014/263";4;1;743225,0;1,043203e+06;190,10;189,90;0,00;0;0;
"P1/PRAHA - ST/2014/263";4;2;743221,0;1,043205e+06;0,00;0,00;0,00;0;0;
"P1/PRAHA - ST/2014/263";4;3;743222,0;1,043208e+06;0,00;0,00;0,00;0;0;
"P1/PRAHA - ST/2014/263";4;4;743227,0;1,043206e+06;0,00;0,00;0,00;0;0;
"P1/PRAHA - ST/2014/422";1;1;743211,0;1,043345e+06;0,00;0,00;0,00;0;0;
"P1/PRAHA - ST/2014/422";1;2;743226,0;1,043345e+06;0,00;0,00;0,00;0;0;
"P1/PRAHA - ST/2014/422";1;3;743227,0;1,043344e+06;0,00;0,00;0,00;0;0;
"P1/PRAHA - ST/2014/422";1;4;743223,0;1,043325e+06;0,00;0,00;0,00;0;0;
"P1/PRAHA - ST/2014/422";1;5;743216,0;1,043327e+06;0,00;0,00;0,00;0;0;
"P1/PRAHA - ST/2014/422";1;6;743207,0;1,043322e+06;0,00;0,00;0,00;0;0;
"P1/PRAHA - ST/2014/422";1;7;743201,0;1,043325e+06;0,00;0,00;0,00;0;0;
"P1/PRAHA - ST/2014/422";1;8;743211,0;1,043334e+06;0,00;0,00;0,00;0;0;
"P2/PRAHA - NO/2008/317";1;1;742540,4;1,044282e+06;216,45;215,50;215,60;0;0;
"P2/PRAHA - NO/2009/647";1;1;742723,3;1,044373e+06;218,24;217,60;218,00;0;1;
"P2/PRAHA - NO/2009/647";1;2;742703,6;1,044377e+06;218,24;217,60;218,00;0;1;
"P2/PRAHA - NO/2009/647";1;3;742705,1;1,044387e+06;218,24;217,60;218,00;0;1;
"P2/PRAHA - NO/2009/647";1;4;742726,3;1,044383e+06;218,24;217,60;218,00;0;1;
"P2/PRAHA - NO/2010/357";1;1;743399,0;1,044074e+06;194,45;192,00;193,40;0;0;
"P2/PRAHA - NO/2010/357";1;2;743401,0;1,044086e+06;194,30;192,90;193,20;0;0;
"P2/PRAHA - NO/2010/357";2;1;743388,0;1,044061e+06;195,30;192,70;193,40;1;0;
"P2/PRAHA - NO/2010/357";2;2;743307,0;1,044062e+06;196,10;194,50;195,10;0;0;
"P2/PRAHA - NO/2010/357";2;3;743293,0;1,044061e+06;196,10;194,50;195,10;0;0;
"P2/PRAHA - NO/2010/357";2;4;743220,0;1,044045e+06;0,00;0,00;0,00;0;0;
"P2/PRAHA - NO/2010/357";3;1;743181,0;1,044047e+06;198,60;197,15;197,60;0;1;
"P2/PRAHA - NO/2010/357";3;2;743179,0;1,044046e+06;0,00;0,00;0,00;0;1;
"P2/PRAHA - NO/2010/357";3;3;743176,0;1,044051e+06;0,00;0,00;0,00;0;1;
"P2/PRAHA - NO/2010/357";3;4;743178,0;1,044052e+06;0,00;0,00;0,00;0;1;
"P2/PRAHA - NO/2010/488";0;1;743071,0;1,044569e+06;0,00;0,00;0,00;0;0;
"P2/PRAHA - NO/2011/492";1;1;742590,9;1,044704e+06;0,00;0,00;0,00;0;0;
"P2/PRAHA - NO/2011/492";2;1;742588,6;1,044717e+06;0,00;0,00;0,00;0;0;
"P2/PRAHA - NO/2011/492";3;1;742586,5;1,044728e+06;0,00;0,00;0,00;0;0;
"P2/PRAHA - NO/2011/492";4;1;742582,8;1,044745e+06;233,50;231,40;0,00;0;0;
"P2/PRAHA - NO/2011/492";5;1;742577,7;1,044764e+06;233,70;231,80;232,10;0;0;
"P2/PRAHA - NO/2011/492";6;1;742604,8;1,044689e+06;233,90;231,30;233,05;0;0;
"P2/PRAHA - NO/2011/492";6;2;742566,0;1,045092e+06;235,25;233,00;233,55;0;0;
"P2/PRAHA - NO/2011/492";8;1;742562,8;1,044878e+06;234,85;233,00;233,20;0;0;
"P2/PRAHA - NO/2011/492";9;1;742522,9;1,045096e+06;236,00;234,75;235,30;0;0;
"P2/PRAHA - NO/2011/524";1;1;742705,0;1,045235e+06;;;;0;0;
"P2/PRAHA - NO/2011/869";1;1;743034,5;1,043939e+06;197,35;195,00;0,00;0;0;
"P2/PRAHA - NO/2011/869";1;2;743032,1;1,04394e+06;0,00;0,00;0,00;0;0;
"P2/PRAHA - NO/2011/869";1;3;743032,7;1,043942e+06;0,00;0,00;0,00;0;0;
"P2/PRAHA - NO/2011/869";1;4;743035,1;1,043941e+06;0,00;0,00;0,00;0;0;
"P2/PRAHA - NO/2011/958";1;1;743076,0;1,044272e+06;208,44;205,16;206,18;1;0;
"P2/PRAHA - NO/2011/958";2;1;743064,0;1,044272e+06;208,70;204,60;205,60;1;0;
"P2/PRAHA - NO/2011/958";3;1;743087,0;1,044302e+06;208,50;205,16;206,20;0;0;
"P2/PRAHA - NO/2012/153";1;1;743356,0;1,045069e+06;192,43;191,04;0,00;0;0;
"P2/PRAHA - NO/2012/153";1;2;743354,0;1,04507e+06;0,00;0,00;0,00;0;0;
"P2/PRAHA - NO/2012/153";1;3;743355,0;1,045072e+06;0,00;0,00;0,00;0;0;
"P2/PRAHA - NO/2012/153";1;4;743357,0;1,045071e+06;0,00;0,00;0,00;0;0;
"P2/PRAHA - NO/2012/994";1;1;743040,1;1,043949e+06;196,63;0,00;195,73;1;0;
"P2/PRAHA - NO/2013/130";1;1;743215,4;1,044541e+06;0,00;0,00;0,00;0;0;
"P2/PRAHA - NO/2013/130";1;2;743225,6;1,04457e+06;0,00;0,00;0,00;0;0;
"P2/PRAHA - NO/2013/130";1;3;743235,2;1,044567e+06;0,00;0,00;0,00;0;0;
"P2/PRAHA - NO/2013/130";1;4;743247,3;1,044599e+06;0,00;0,00;0,00;0;0;
"P2/PRAHA - NO/2013/130";1;5;743238,3;1,044603e+06;0,00;0,00;0,00;0;0;
"P2/PRAHA - NO/2013/130";1;6;743253,5;1,044651e+06;0,00;0,00;0,00;0;0;
"P2/PRAHA - NO/2013/130";1;7;743255,4;1,044664e+06;0,00;0,00;0,00;0;0;
"P2/PRAHA - NO/2013/130";2;1;743266,4;1,044665e+06;0,00;0,00;0,00;0;0;
"P2/PRAHA - NO/2013/130";2;2;743251,7;1,044714e+06;0,00;0,00;0,00;0;0;
"P2/PRAHA - NO/2013/130";2;3;743249,7;1,044716e+06;0,00;0,00;0,00;0;0;
"P2/PRAHA - NO/2013/130";2;4;743229,6;1,044814e+06;0,00;0,00;0,00;0;0;
"P2/PRAHA - NO/2013/130";2;5;743231,9;1,044822e+06;0,00;0,00;0,00;0;0;
"P2/PRAHA - NO/2013/130";3;1;743229,3;1,044746e+06;0,00;0,00;0,00;0;0;
"P2/PRAHA - NO/2013/130";3;2;743151,0;1,044717e+06;0,00;0,00;0,00;0;0;
"P2/PRAHA - NO/2013/130";3;3;743127,6;1,044769e+06;0,00;0,00;0,00;0;0;
"P2/PRAHA - NO/2013/130";4;1;743203,8;1,044811e+06;0,00;0,00;0,00;0;0;
"P2/PRAHA - NO/2013/130";4;2;743200,8;1,044821e+06;0,00;0,00;0,00;0;0;
"P2/PRAHA - NO/2013/130";4;3;743195,4;1,044832e+06;0,00;0,00;0,00;0;0;
"P2/PRAHA - NO/2013/130";4;4;743184,1;1,044873e+06;0,00;0,00;0,00;0;0;
"P2/PRAHA - NO/2013/130";4;5;743166,0;1,044966e+06;0,00;0,00;0,00;0;0;
"P2/PRAHA - NO/2013/130";5;1;743175,2;1,044966e+06;0,00;0,00;0,00;0;0;
"P2/PRAHA - NO/2013/130";5;2;743165,4;1,045009e+06;0,00;0,00;0,00;0;0;
"P2/PRAHA - NO/2013/130";6;1;743163,9;1,04497e+06;0,00;0,00;0,00;0;0;
"P2/PRAHA - NO/2013/130";6;2;743162,8;1,04498e+06;0,00;0,00;0,00;0;0;
"P2/PRAHA - NO/2013/130";6;3;743150,4;1,045033e+06;0,00;0,00;0,00;0;0;
"P2/PRAHA - NO/2013/130";7;1;743146,2;1,045053e+06;0,00;0,00;0,00;0;0;
"P2/PRAHA - NO/2013/130";7;2;743141,9;1,045071e+06;0,00;0,00;0,00;0;0;
"P2/PRAHA - NO/2013/130";7;3;743150,4;1,045073e+06;0,00;0,00;0,00;0;0;
"P2/PRAHA - NO/2013/130";7;4;743145,4;1,045094e+06;0,00;0,00;0,00;0;0;
"P2/PRAHA - NO/2013/130";7;5;743151,7;1,045096e+06;0,00;0,00;0,00;0;0;
"P2/PRAHA - NO/2013/457";1;1;743109,7;1,043859e+06;196,35;193,26;194,60;1;0;
"P2/PRAHA - NO/2013/457";2;2;743103,7;1,043864e+06;196,20;191,78;0,00;0;0;
"P2/PRAHA - NO/2013/788";1;1;742897,0;1,044879e+06;230,91;229,40;0,00;0;0;
"P2/PRAHA - NO/2013/788";1;2;742890,0;1,044879e+06;0,00;0,00;0,00;0;0;
"P2/PRAHA - NO/2013/788";1;3;742890,0;1,044873e+06;231,15;229,85;0,00;0;0;
"P2/PRAHA - NO/2013/788";1;4;742888,0;1,044873e+06;231,15;229,85;0,00;0;0;
"P2/PRAHA - NO/2013/788";2;1;742888,0;1,044874e+06;231,15;229,85;0,00;0;0;
"P2/PRAHA - NO/2013/788";2;2;742886,0;1,044874e+06;0,00;0,00;0,00;0;0;
"P2/PRAHA - NO/2013/788";2;3;742886,0;1,044873e+06;0,00;0,00;0,00;0;0;
"P2/PRAHA - NO/2013/788";2;4;742883,0;1,044873e+06;0,00;0,00;0,00;0;0;
"P2/PRAHA - NO/2013/788";3;1;742883,0;1,044874e+06;0,00;0,00;0,00;0;0;
"P2/PRAHA - NO/2013/788";3;2;742881,0;1,044874e+06;231,15;229,92;0,00;0;0;
"P2/PRAHA - NO/2013/788";3;3;742881,0;1,044873e+06;231,36;229,90;0,00;0;0;
"P2/PRAHA - NO/2013/788";3;4;742878,0;1,044873e+06;0,00;0,00;0,00;0;0;
"P2/PRAHA - NO/2013/788";4;1;742878,0;1,044874e+06;0,00;0,00;0,00;0;0;
"P2/PRAHA - NO/2013/788";4;2;742876,0;1,044874e+06;231,24;230,08;0,00;0;0;
"P2/PRAHA - NO/2013/788";4;3;742876,0;1,044872e+06;231,26;230,10;0,00;0;0;
"P2/PRAHA - NO/2013/788";4;4;742872,0;1,044872e+06;0,00;0,00;0,00;0;0;
"P2/PRAHA - NO/2013/788";4;5;742870,0;1,044874e+06;0,00;0,00;0,00;0;0;
"P2/PRAHA - NO/2013/788";5;1;742870,0;1,044874e+06;0,00;0,00;0,00;0;0;
"P2/PRAHA - NO/2013/788";5;2;742870,0;1,044871e+06;0,00;0,00;0,00;0;0;
"P2/PRAHA - NO/2013/788";5;3;742868,0;1,044872e+06;0,00;0,00;0,00;0;0;
"P2/PRAHA - NO/2013/788";5;4;742865,0;1,044871e+06;0,00;0,00;0,00;0;0;
"P2/PRAHA - NO/2013/788";5;5;742866,0;1,044872e+06;0,00;0,00;0,00;0;0;
"P2/PRAHA - NO/2013/788";6;1;742866,0;1,044873e+06;0,00;0,00;0,00;0;0;
"P2/PRAHA - NO/2013/788";6;2;742866,0;1,044879e+06;0,00;0,00;0,00;0;0;
"P2/PRAHA - NO/2013/788";7;1;742867,0;1,044879e+06;0,00;0,00;0,00;0;0;
"P2/PRAHA - NO/2013/788";7;2;742865,0;1,04488e+06;0,00;0,00;0,00;0;0;
"P2/PRAHA - NO/2013/788";7;3;742860,0;1,04488e+06;0,00;0,00;0,00;0;0;
"P2/PRAHA - NO/2013/788";8;1;742860,0;1,04488e+06;0,00;0,00;0,00;0;0;
"P2/PRAHA - NO/2013/788";8;2;742859,0;1,044879e+06;0,00;0,00;0,00;0;0;
"P2/PRAHA - NO/2013/788";8;3;742860,0;1,044878e+06;0,00;0,00;0,00;0;0;
"P2/PRAHA - NO/2013/788";8;4;742857,0;1,044878e+06;0,00;0,00;0,00;0;0;
"P2/PRAHA - NO/2013/788";8;5;742857,0;1,044874e+06;0,00;0,00;0,00;0;0;
"P2/PRAHA - NO/2013/788";8;6;742860,0;1,044874e+06;0,00;0,00;0,00;0;0;
"P2/PRAHA - NO/2013/788";8;7;742859,0;1,044872e+06;0,00;0,00;0,00;0;0;
"P2/PRAHA - NO/2013/788";8;8;742860,0;1,044872e+06;0,00;0,00;0,00;0;0;
"P2/PRAHA - NO/2013/788";9;1;742895,0;1,044885e+06;0,00;0,00;0,00;0;0;
"P2/PRAHA - NO/2013/788";9;2;742888,0;1,044884e+06;0,00;0,00;0,00;0;0;
"P2/PRAHA - NO/2013/788";9;3;742888,0;1,044884e+06;0,00;0,00;0,00;0;0;
"P2/PRAHA - NO/2013/788";9;4;742881,0;1,044883e+06;0,00;0,00;0,00;0;0;
"P2/PRAHA - NO/2013/788";9;5;742881,0;1,044883e+06;0,00;0,00;0,00;0;0;
"P2/PRAHA - NO/2013/788";9;6;742860,0;1,044881e+06;0,00;0,00;0,00;0;0;
"P2/PRAHA - NO/2013/788";10;1;742888,0;1,044875e+06;231,23;230,03;0,00;0;0;
"P2/PRAHA - NO/2013/788";10;2;742887,0;1,044883e+06;230,43;229,43;0,00;0;0;
"P2/PRAHA - NO/2013/788";11;1;742876,0;1,044874e+06;0,00;0,00;0,00;0;0;
"P2/PRAHA - NO/2013/788";11;2;742876,0;1,044882e+06;0,00;0,00;0,00;0;0;
"P2/PRAHA - NO/2013/788";12;1;742867,0;1,044873e+06;0,00;0,00;0,00;0;0;
"P2/PRAHA - NO/2013/788";12;2;742868,0;1,044876e+06;0,00;0,00;0,00;0;0;
"P2/PRAHA - NO/2013/788";13;1;742869,0;1,044875e+06;231,23;229,80;0,00;0;0;
"P2/PRAHA - NO/2013/788";13;2;742867,0;1,044876e+06;231,38;229,80;0,00;0;0;
"P2/PRAHA - NO/2013/788";13;3;742868,0;1,044878e+06;0,00;0,00;0,00;0;0;
"P2/PRAHA - NO/2013/788";13;4;742870,0;1,044876e+06;0,00;0,00;0,00;0;0;
"P2/PRAHA - NO/2013/788";14;1;742869,0;1,044877e+06;0,00;0,00;0,00;0;0;
"P2/PRAHA - NO/2013/788";14;2;742870,0;1,044882e+06;0,00;0,00;0,00;0;0;
"P2/PRAHA - NO/2013/915";1;1;743405,7;1,045192e+06;192,50;190,80;0,00;0;0;
"P2/PRAHA - NO/2013/915";2;2;743398,2;1,04517e+06;0,00;0,00;0,00;0;0;
"P2/PRAHA - NO/2013/915";2;3;743398,3;1,045151e+06;0,00;0,00;0,00;0;0;
"P2/PRAHA - NO/2013/915";3;4;743397,7;1,045111e+06;0,00;0,00;0,00;0;0;
"P2/PRAHA - NO/2013/915";3;5;743385,5;1,045068e+06;0,00;0,00;0,00;0;0;
"P2/PRAHA - NO/2013/915";4;6;743317,5;1,045e+06;0,00;0,00;0,00;0;0;
"P2/PRAHA - NO/2013/915";4;7;743284,1;1,044962e+06;0,00;0,00;0,00;0;0;
"P2/PRAHA - NO/2013/915";5;8;743263,9;1,044934e+06;190,20;188,12;188,54;0;0;
"P2/PRAHA - NO/2013/915";5;9;743233,4;1,044862e+06;190,50;188,40;187,92;0;0;
"P2/PRAHA - VY/2012/450";1;1;743117,0;1,045436e+06;0,00;0,00;0,00;0;0;
"P2/PRAHA - VY/2012/450";1;2;743122,0;1,045434e+06;0,00;0,00;0,00;0;0;
"P2/PRAHA - VY/2012/450";1;3;743146,0;1,045427e+06;0,00;0,00;0,00;0;0;
"P2/PRAHA - VY/2012/450";1;4;743164,0;1,045414e+06;0,00;0,00;0,00;0;0;
"P2/PRAHA - VY/2012/450";1;5;743171,0;1,045407e+06;0,00;0,00;0,00;0;0;
"P2/PRAHA - VY/2012/450";1;6;743183,0;1,045391e+06;203,70;202,40;203,22;1;0;
"P2/PRAHA - VY/2012/450";1;7;743185,0;1,045388e+06;203,26;201,96;202,12;1;0;
"P2/PRAHA - VY/2012/450";2;1;743187,0;1,045386e+06;203,05;201,16;202,35;1;0;
"P2/PRAHA - VY/2012/450";2;2;743189,0;1,045383e+06;203,01;200,77;201,47;1;0;
